検索キーID,表示名,ソース,分類,必須可,検索対象,保有件数,保有率,記載率,歯科,状態,同名,備考
M0001,歯科,診療科目,診療科目,0,0,65045,40.29%,99.3%,1,現行,専門外来,歯科。医科の逆紹介では使わない
M0002,内科,診療科目,診療科目,1,1,57457,35.59%,99.3%,0,現行,専門外来,
M0003,小児歯科,診療科目,診療科目,0,0,43279,26.81%,99.3%,1,現行,専門外来、疾患治療,歯科。医科の逆紹介では使わない
M0004,歯科口腔外科,診療科目,診療科目,0,0,26884,16.65%,99.3%,1,現行,専門外来,歯科。医科の逆紹介では使わない
M0005,矯正歯科,診療科目,診療科目,0,0,25470,15.78%,99.3%,1,現行,専門外来,歯科。医科の逆紹介では使わない
M0006,消化器内科,診療科目,診療科目,1,1,22599,14.00%,99.3%,0,現行,専門外来,
M0007,小児科,診療科目,診療科目,1,1,19786,12.26%,99.3%,0,現行,専門外来,
M0008,リハビリテーション科,診療科目,診療科目,1,1,16919,10.48%,99.3%,0,現行,専門外来,
M0009,整形外科,診療科目,診療科目,1,1,16407,10.16%,99.3%,0,現行,専門外来,
M0010,循環器内科,診療科目,診療科目,1,1,16122,9.99%,99.3%,0,現行,専門外来,
M0011,皮膚科,診療科目,診療科目,1,1,15169,9.40%,99.3%,0,現行,専門外来,
M0012,外科,診療科目,診療科目,1,1,14687,9.10%,99.3%,0,現行,専門外来,
M0013,眼科,診療科目,診療科目,1,1,10274,6.36%,99.3%,0,現行,専門外来,
M0014,精神科,診療科目,診療科目,1,1,10226,6.33%,99.3%,0,現行,専門外来,
M0015,呼吸器内科,診療科目,診療科目,1,1,9701,6.01%,99.3%,0,現行,専門外来,
M0016,アレルギー科,診療科目,診療科目,1,1,8469,5.25%,99.3%,0,現行,,
M0017,耳鼻いんこう科,診療科目,診療科目,1,1,8399,5.20%,99.3%,0,現行,,
M0018,泌尿器科,診療科目,診療科目,1,1,6967,4.32%,99.3%,0,現行,専門外来,
M0019,心療内科,診療科目,診療科目,1,1,6506,4.03%,99.3%,0,現行,専門外来,
M0020,糖尿病内科,診療科目,診療科目,1,1,5939,3.68%,99.3%,0,現行,専門外来,
M0021,リウマチ科,診療科目,診療科目,1,1,5814,3.60%,99.3%,0,現行,専門外来,
M0022,脳神経内科,診療科目,診療科目,1,1,5603,3.47%,99.3%,0,現行,専門外来,
M0023,放射線科,診療科目,診療科目,1,1,5488,3.40%,99.3%,0,現行,,
M0024,小児矯正歯科,診療科目,診療科目,0,0,5252,3.25%,99.3%,1,現行,,歯科。医科の逆紹介では使わない
M0025,脳神経外科,診療科目,診療科目,1,1,4576,2.83%,99.3%,0,現行,専門外来,
M0026,麻酔科,診療科目,診療科目,1,1,4252,2.63%,99.3%,0,現行,,
M0027,肛門外科,診療科目,診療科目,1,1,3938,2.44%,99.3%,0,現行,,
M0028,産婦人科,診療科目,診療科目,1,1,3664,2.27%,99.3%,0,現行,,
M0029,形成外科,診療科目,診療科目,1,1,3597,2.23%,99.3%,0,現行,専門外来,
M0030,婦人科,診療科目,診療科目,1,1,3271,2.03%,99.3%,0,現行,専門外来,
M0031,腎臓内科,診療科目,診療科目,1,1,2994,1.85%,99.3%,0,現行,専門外来,
M0032,消化器外科,診療科目,診療科目,1,1,2753,1.71%,99.3%,0,現行,,
M0033,内分泌内科,診療科目,診療科目,1,1,2516,1.56%,99.3%,0,現行,専門外来,
M0034,美容皮膚科,診療科目,診療科目,1,1,2230,1.38%,99.3%,0,現行,専門外来,
M0035,乳腺外科,診療科目,診療科目,1,1,2033,1.26%,99.3%,0,現行,専門外来,
M0036,人工透析内科,診療科目,診療科目,1,1,1696,1.05%,99.3%,0,現行,,
M0037,口腔外科,診療科目,診療科目,0,0,1569,0.97%,99.3%,1,現行,専門外来,歯科。医科の逆紹介では使わない
M0038,内視鏡内科,診療科目,診療科目,1,1,1523,0.94%,99.3%,0,現行,,
M0039,代謝内科,診療科目,診療科目,1,1,1512,0.94%,99.3%,0,現行,,
M0040,心臓血管外科,診療科目,診療科目,1,1,1474,0.91%,99.3%,0,現行,専門外来,
M0041,漢方内科,診療科目,診療科目,1,1,1152,0.71%,99.3%,0,現行,専門外来,
M0042,血液内科,診療科目,診療科目,1,1,1147,0.71%,99.3%,0,現行,専門外来,
M0043,呼吸器外科,診療科目,診療科目,1,1,1138,0.70%,99.3%,0,現行,専門外来,
M0044,緩和ケア内科,診療科目,診療科目,1,1,1044,0.65%,99.3%,0,現行,,
M0045,美容外科,診療科目,診療科目,1,1,997,0.62%,99.3%,0,現行,,
M0046,産科,診療科目,診療科目,1,1,976,0.60%,99.3%,0,現行,,
M0047,救急科,診療科目,診療科目,1,1,966,0.60%,99.3%,0,現行,,
M0048,病理診断科,診療科目,診療科目,1,1,966,0.60%,99.3%,0,現行,,
M0049,肝臓内科,診療科目,診療科目,1,1,843,0.52%,99.3%,0,現行,専門外来,
M0050,小児外科,診療科目,診療科目,1,1,676,0.42%,99.3%,0,現行,専門外来,
M0051,老年内科,診療科目,診療科目,1,1,635,0.39%,99.3%,0,現行,,
M0052,ペインクリニック内科,診療科目,診療科目,1,1,610,0.38%,99.3%,0,現行,,
M0053,アレルギー内科,診療科目,診療科目,1,1,561,0.35%,99.3%,0,現行,,
M0054,腫瘍内科,診療科目,診療科目,1,1,502,0.31%,99.3%,0,現行,,
M0055,児童精神科,診療科目,診療科目,1,1,500,0.31%,99.3%,0,現行,,
M0056,気管食道科,診療科目,診療科目,1,1,479,0.30%,99.3%,0,現行,,
M0057,血管外科,診療科目,診療科目,1,1,477,0.30%,99.3%,0,現行,専門外来、疾患治療,
M0058,感染症内科,診療科目,診療科目,1,1,440,0.27%,99.3%,0,現行,,
M0059,放射線診断科,診療科目,診療科目,1,1,414,0.26%,99.3%,0,現行,,
M0060,老年精神科,診療科目,診療科目,1,1,322,0.20%,99.3%,0,現行,,
M0061,放射線治療科,診療科目,診療科目,1,1,318,0.20%,99.3%,0,現行,,
M0062,臨床検査科,診療科目,診療科目,1,1,312,0.19%,99.3%,0,現行,,
M0063,脂質代謝内科,診療科目,診療科目,1,1,295,0.18%,99.3%,0,現行,,
M0064,ペインクリニック外科,診療科目,診療科目,1,1,283,0.18%,99.3%,0,現行,,
M0065,女性内科,診療科目,診療科目,1,1,229,0.14%,99.3%,0,現行,,
M0066,内分泌外科,診療科目,診療科目,1,1,212,0.13%,99.3%,0,現行,,
M0067,頭頸部外科,診療科目,診療科目,1,1,203,0.13%,99.3%,0,現行,,
M0068,性感染症内科,診療科目,診療科目,1,1,199,0.12%,99.3%,0,現行,,
M0069,審美歯科,診療科目,診療科目,0,0,192,0.12%,99.3%,1,現行,専門外来,歯科。医科の逆紹介では使わない
M0070,内視鏡外科,診療科目,診療科目,1,1,184,0.11%,99.3%,0,現行,,
M0071,肛門内科,診療科目,診療科目,1,1,152,0.09%,99.3%,0,現行,,保有152件。表記ゆれの残骸でないか要確認
M0072,訪問歯科,診療科目,診療科目,0,0,108,0.07%,99.3%,1,現行,,歯科。医科の逆紹介では使わない
M0073,気管食道外科,診療科目,診療科目,1,1,85,0.05%,99.3%,0,現行,,保有85件。表記ゆれの残骸でないか要確認
M0074,リウマチ内科,診療科目,診療科目,1,1,79,0.05%,99.3%,0,現行,,保有79件。表記ゆれの残骸でないか要確認
M0075,総合診療科,診療科目,診療科目,1,1,62,0.04%,99.3%,0,現行,,保有62件。表記ゆれの残骸でないか要確認
M0076,腫瘍外科,診療科目,診療科目,1,1,54,0.03%,99.3%,0,現行,,保有54件。表記ゆれの残骸でないか要確認
M0077,予防歯科,診療科目,診療科目,0,0,53,0.03%,99.3%,1,現行,専門外来,歯科。医科の逆紹介では使わない
M0078,緩和ケア外科,診療科目,診療科目,1,1,53,0.03%,99.3%,0,現行,,保有53件。表記ゆれの残骸でないか要確認
M0079,移植外科,診療科目,診療科目,1,1,52,0.03%,99.3%,0,現行,,保有52件。表記ゆれの残骸でないか要確認
M0100,歯科領域の一次診療,疾患治療,歯科領域,0,0,55288,40.06%,84.9%,1,現行,,歯科。医科の逆紹介では使わない
M0101,消化器系領域の一次診療,疾患治療,消化器系領域,1,1,39489,28.61%,84.9%,0,現行,,必須にすると記載の無い15.1%が落ちる
M0102,循環器系領域の一次診療,疾患治療,循環器系領域,1,1,39144,28.36%,84.9%,0,現行,,必須にすると記載の無い15.1%が落ちる
M0103,内分泌・代謝・栄養領域の一次診療,疾患治療,内分泌・代謝・栄養領域,1,1,39049,28.29%,84.9%,0,現行,,必須にすると記載の無い15.1%が落ちる
M0104,埋伏歯抜歯,疾患治療,歯科口腔外科領域,0,0,35858,25.98%,84.9%,1,現行,,歯科。医科の逆紹介では使わない
M0105,呼吸器領域の一次診療,疾患治療,呼吸器領域,1,1,35662,25.84%,84.9%,0,現行,,必須にすると記載の無い15.1%が落ちる
M0106,腎・泌尿器系領域の一次診療,疾患治療,腎・泌尿器系領域,1,1,35124,25.45%,84.9%,0,現行,,必須にすると記載の無い15.1%が落ちる
M0107,顎関節症治療,疾患治療,歯科口腔外科領域,0,0,34813,25.22%,84.9%,1,現行,,歯科。医科の逆紹介では使わない
M0108,肝・胆道・膵臓領域の一次診療,疾患治療,肝・胆道・膵臓領域,1,1,34574,25.05%,84.9%,0,現行,,必須にすると記載の無い15.1%が落ちる
M0109,漢方薬の処方,疾患治療,その他,1,1,32433,23.50%,84.9%,0,現行,,必須にすると記載の無い15.1%が落ちる
M0110,インスリン療法,疾患治療,内分泌・代謝・栄養領域,1,1,30057,21.78%,84.9%,0,現行,,必須にすると記載の無い15.1%が落ちる
M0111,血液・免疫系領域の一次診療,疾患治療,血液・免疫系領域,1,1,29009,21.02%,84.9%,0,現行,,必須にすると記載の無い15.1%が落ちる
M0112,ホルター型心電図検査,疾患治療,循環器系領域,1,1,27509,19.93%,84.9%,0,現行,,必須にすると記載の無い15.1%が落ちる
M0113,糖尿病患者教育（食事療法、運動療法、自己血糖測定）,疾患治療,内分泌・代謝・栄養領域,1,1,27191,19.70%,84.9%,0,現行,,必須にすると記載の無い15.1%が落ちる
M0114,在宅酸素療法,疾患治療,呼吸器領域,1,1,26056,18.88%,84.9%,0,現行,,必須にすると記載の無い15.1%が落ちる
M0115,筋・骨格系及び外傷領域の一次診療,疾患治療,筋・骨格系及び外傷領域,1,1,25103,18.19%,84.9%,0,現行,,必須にすると記載の無い15.1%が落ちる
M0116,小児領域の一次診療,疾患治療,小児領域,1,1,24375,17.66%,84.9%,0,現行,,必須にすると記載の無い15.1%が落ちる
M0117,糖尿病による合併症に対する継続的な管理及び指導,疾患治療,内分泌・代謝・栄養領域,1,1,24371,17.66%,84.9%,0,現行,,必須にすると記載の無い15.1%が落ちる
M0118,成人の歯科矯正治療,疾患治療,歯科領域、矯正歯科領域,0,0,24339,17.64%,84.9%,1,現行,,歯科。医科の逆紹介では使わない
M0119,皮膚・形成外科領域の一次診療,疾患治療,皮膚・形成外科領域,1,1,24092,17.46%,84.9%,0,現行,,必須にすると記載の無い15.1%が落ちる
M0120,上部消化管内視鏡検査,疾患治療,消化器系領域,1,1,20527,14.87%,84.9%,0,現行,,必須にすると記載の無い15.1%が落ちる
M0121,在宅持続陽圧呼吸療法（睡眠時無呼吸症候群治療）,疾患治療,呼吸器領域,1,1,19868,14.40%,84.9%,0,現行,,必須にすると記載の無い15.1%が落ちる
M0122,口唇、舌若しくは口腔粘膜の炎症又は外傷の治療,疾患治療,歯科口腔外科領域,0,0,19481,14.12%,84.9%,1,現行,,歯科。医科の逆紹介では使わない
M0123,認知症,疾患治療,精神科・神経科領域,1,1,18477,13.39%,84.9%,0,現行,,必須にすると記載の無い15.1%が落ちる
M0124,神経・脳血管領域の一次診療,疾患治療,神経・脳血管領域,1,1,17937,13.00%,84.9%,0,現行,,必須にすると記載の無い15.1%が落ちる
M0125,アトピー性皮膚炎の治療,疾患治療,皮膚・形成外科領域,1,1,17432,12.63%,84.9%,0,現行,,必須にすると記載の無い15.1%が落ちる
M0126,精神科・神経科領域の一次診療,疾患治療,精神科・神経科領域,1,1,16875,12.23%,84.9%,0,現行,,必須にすると記載の無い15.1%が落ちる
M0127,内分泌機能検査,疾患治療,内分泌・代謝・栄養領域,1,1,16683,12.09%,84.9%,0,現行,,必須にすると記載の無い15.1%が落ちる
M0128,医療用麻薬によるがん疼痛治療,疾患治療,緩和ケア領域,1,1,16191,11.73%,84.9%,0,現行,,必須にすると記載の無い15.1%が落ちる
M0129,真菌検査（顕微鏡検査）,疾患治療,皮膚・形成外科領域,1,1,15750,11.41%,84.9%,0,現行,,必須にすると記載の無い15.1%が落ちる
M0130,睡眠障害,疾患治療,精神科・神経科領域,1,1,15455,11.20%,84.9%,0,現行,専門外来,必須にすると記載の無い15.1%が落ちる
M0131,耳鼻咽喉領域の一次診療,疾患治療,耳鼻咽喉領域,1,1,14274,10.34%,84.9%,0,現行,,必須にすると記載の無い15.1%が落ちる
M0132,在宅における看取り,疾患治療,その他,1,1,14158,10.26%,84.9%,0,現行,,必須にすると記載の無い15.1%が落ちる
M0133,ＣＴ撮影,疾患治療,画像診断,1,1,13235,9.59%,84.9%,0,現行,,必須にすると記載の無い15.1%が落ちる
M0134,眼領域の一次診療,疾患治療,眼領域,1,1,13043,9.45%,84.9%,0,現行,,必須にすると記載の無い15.1%が落ちる
M0135,下部消化管内視鏡検査,疾患治療,消化器系領域,1,1,11961,8.67%,84.9%,0,現行,,必須にすると記載の無い15.1%が落ちる
M0136,乳腺領域の一次診療,疾患治療,乳腺領域,1,1,11398,8.26%,84.9%,0,現行,,必須にすると記載の無い15.1%が落ちる
M0137,運動器リハビリテーション,疾患治療,リハビリ領域,1,1,11105,8.05%,84.9%,0,現行,,必須にすると記載の無い15.1%が落ちる
M0138,画像診断管理（専ら画像診断を担当する医師による読影）,疾患治療,画像診断,1,1,10855,7.87%,84.9%,0,現行,,必須にすると記載の無い15.1%が落ちる
M0139,小児アレルギー疾患,疾患治療,小児領域,1,1,10560,7.65%,84.9%,0,現行,,必須にすると記載の無い15.1%が落ちる
M0140,神経ブロック,疾患治療,麻酔領域,1,1,10510,7.62%,84.9%,0,現行,,必須にすると記載の無い15.1%が落ちる
M0141,禁煙指導（ニコチン依存症管理）,疾患治療,精神科・神経科領域,1,1,10291,7.46%,84.9%,0,現行,,必須にすると記載の無い15.1%が落ちる
M0142,良性腫瘍又は母斑その他の切除・縫合手術,疾患治療,皮膚・形成外科領域,1,1,9922,7.19%,84.9%,0,現行,,必須にすると記載の無い15.1%が落ちる
M0143,欠損補綴（入れ歯）,疾患治療,歯科領域,0,0,9720,7.04%,84.9%,1,現行,,歯科。医科の逆紹介では使わない
M0144,著しく歯科診療が困難な者（障害者等）の歯科治療,疾患治療,歯科領域,0,0,9577,6.94%,84.9%,1,現行,,歯科。医科の逆紹介では使わない
M0145,皮膚生検,疾患治療,皮膚・形成外科領域,1,1,9465,6.86%,84.9%,0,現行,,必須にすると記載の無い15.1%が落ちる
M0146,予防歯科の実施またはう蝕予防処置（フッ素塗布、シーラント）,疾患治療,歯科領域,0,0,9337,6.77%,84.9%,1,現行,,歯科。医科の逆紹介では使わない
M0147,歯ぎしり,疾患治療,歯科領域,0,0,9091,6.59%,84.9%,1,現行,,歯科。医科の逆紹介では使わない
M0148,義肢装具の作成及び評価,疾患治療,筋・骨格系及び外傷領域,1,1,9076,6.58%,84.9%,0,現行,,必須にすると記載の無い15.1%が落ちる
M0149,凍結療法,疾患治療,皮膚・形成外科領域,1,1,9030,6.54%,84.9%,0,現行,,必須にすると記載の無い15.1%が落ちる
M0150,一般の小児歯科治療,疾患治療,小児歯科領域、歯科領域,0,0,8977,6.50%,84.9%,1,現行,,歯科。医科の逆紹介では使わない
M0151,尿失禁の治療,疾患治療,腎・泌尿器系領域,1,1,8920,6.46%,84.9%,0,現行,,必須にすると記載の無い15.1%が落ちる
M0152,摂食機能障害の治療,疾患治療,歯科領域、耳鼻咽喉領域,0,0,8833,6.40%,84.9%,1,現行,,歯科。医科の逆紹介では使わない
M0153,純音聴力検査,疾患治療,耳鼻咽喉領域,1,1,8682,6.29%,84.9%,0,現行,,必須にすると記載の無い15.1%が落ちる
M0154,神経症性障害（強迫性障害、不安障害、パニック障害等）,疾患治療,精神科・神経科領域,1,1,8674,6.29%,84.9%,0,現行,,必須にすると記載の無い15.1%が落ちる
M0155,終夜睡眠ポリグラフィー,疾患治療,精神科・神経科領域,1,1,8444,6.12%,84.9%,0,現行,,必須にすると記載の無い15.1%が落ちる
M0156,顔面外傷の治療,疾患治療,皮膚・形成外科領域,1,1,8195,5.94%,84.9%,0,現行,,必須にすると記載の無い15.1%が落ちる
M0157,小児呼吸器疾患,疾患治療,小児領域,1,1,7881,5.71%,84.9%,0,現行,,必須にすると記載の無い15.1%が落ちる
M0158,人工肛門の管理,疾患治療,消化器系領域,1,1,7724,5.60%,84.9%,0,現行,在宅医療,必須にすると記載の無い15.1%が落ちる
M0159,婦人科領域の一次診療,疾患治療,婦人科領域,1,1,7557,5.48%,84.9%,0,現行,,必須にすると記載の無い15.1%が落ちる
M0160,下部消化管内視鏡的切除術,疾患治療,消化器系領域,1,1,7517,5.45%,84.9%,0,現行,,必須にすると記載の無い15.1%が落ちる
M0161,乳幼児の育児相談,疾患治療,小児領域,1,1,7511,5.44%,84.9%,0,現行,,必須にすると記載の無い15.1%が落ちる
M0162,更年期障害治療,疾患治療,婦人科領域,1,1,7413,5.37%,84.9%,0,現行,,必須にすると記載の無い15.1%が落ちる
M0163,う蝕（虫歯）治療,疾患治療,歯科領域,0,0,7356,5.33%,84.9%,1,現行,,歯科。医科の逆紹介では使わない
M0164,歯周病治療,疾患治療,歯科領域,0,0,7198,5.22%,84.9%,1,現行,,歯科。医科の逆紹介では使わない
M0165,喉頭ファイバースコピー,疾患治療,耳鼻咽喉領域,1,1,7096,5.14%,84.9%,0,現行,,必須にすると記載の無い15.1%が落ちる
M0166,歯周病予防処置,疾患治療,歯科領域,0,0,7081,5.13%,84.9%,1,現行,,歯科。医科の逆紹介では使わない
M0167,コンタクトレンズ検査,疾患治療,眼領域,1,1,7019,5.09%,84.9%,0,現行,,必須にすると記載の無い15.1%が落ちる
M0168,ペースメーカー管理,疾患治療,循環器系領域,1,1,7014,5.08%,84.9%,0,現行,,必須にすると記載の無い15.1%が落ちる
M0169,脳血管疾患等リハビリテーション,疾患治療,リハビリ領域,1,1,6966,5.05%,84.9%,0,現行,,必須にすると記載の無い15.1%が落ちる
M0170,口腔ケア,疾患治療,歯科領域,0,0,6934,5.02%,84.9%,1,現行,,歯科。医科の逆紹介では使わない
M0171,精神療法,疾患治療,精神科・神経科領域,1,1,6923,5.02%,84.9%,0,現行,,必須にすると記載の無い15.1%が落ちる
M0172,夜尿症の治療,疾患治療,小児領域,1,1,6903,5.00%,84.9%,0,現行,,必須にすると記載の無い15.1%が落ちる
M0173,フッ素塗布,疾患治療,小児歯科領域,0,0,6721,4.87%,84.9%,1,現行,,歯科。医科の逆紹介では使わない
M0174,インプラント,疾患治療,歯科口腔外科領域、歯科領域,0,0,5842,4.23%,84.9%,1,現行,専門外来,歯科。医科の逆紹介では使わない
M0175,ＭＲＩ撮影,疾患治療,画像診断,1,1,5744,4.16%,84.9%,0,現行,,必須にすると記載の無い15.1%が落ちる
M0176,がんに伴う精神症状のケア,疾患治療,緩和ケア領域,1,1,5719,4.14%,84.9%,0,現行,,必須にすると記載の無い15.1%が落ちる
M0177,小児視力障害診療,疾患治療,眼領域,1,1,5523,4.00%,84.9%,0,現行,,必須にすると記載の無い15.1%が落ちる
M0178,口腔外科関連小手術,疾患治療,歯科口腔外科領域,0,0,5509,3.99%,84.9%,1,現行,,歯科。医科の逆紹介では使わない
M0179,外来における化学療法,疾患治療,その他,1,1,5429,3.93%,84.9%,0,現行,,必須にすると記載の無い15.1%が落ちる
M0180,網膜光凝固術（網膜剥離手術）,疾患治療,眼領域,1,1,5406,3.92%,84.9%,0,現行,,必須にすると記載の無い15.1%が落ちる
M0181,摂食機能療法,疾患治療,リハビリ領域,1,1,5297,3.84%,84.9%,0,現行,,必須にすると記載の無い15.1%が落ちる
M0182,心電図検査,疾患治療,循環器系領域,1,1,5195,3.76%,84.9%,0,現行,,必須にすると記載の無い15.1%が落ちる
M0183,臨床心理・神経心理検査,疾患治療,精神科・神経科領域,1,1,5187,3.76%,84.9%,0,現行,,必須にすると記載の無い15.1%が落ちる
M0184,発達障害（自閉症、学習障害等）,疾患治療,精神科・神経科領域,1,1,5095,3.69%,84.9%,0,現行,,必須にすると記載の無い15.1%が落ちる
M0185,若年者の歯科矯正治療,疾患治療,矯正歯科領域、歯科領域,0,0,5034,3.65%,84.9%,1,現行,,歯科。医科の逆紹介では使わない
M0186,思春期のうつ病又は躁うつ病,疾患治療,精神科・神経科領域,1,1,5026,3.64%,84.9%,0,現行,,必須にすると記載の無い15.1%が落ちる
M0187,廃用症候群リハビリテーション,疾患治療,リハビリ領域,1,1,4936,3.58%,84.9%,0,現行,,必須にすると記載の無い15.1%が落ちる
M0188,上部消化管内視鏡的切除術,疾患治療,消化器系領域,1,1,4902,3.55%,84.9%,0,現行,,必須にすると記載の無い15.1%が落ちる
M0189,ＭＴＭ（ＭｉｎｏｒＴｏｏｔｈＭｏｖｅｍｅｎｔ）術,疾患治療,小児歯科領域、歯科領域,0,0,4897,3.55%,84.9%,1,現行,,歯科。医科の逆紹介では使わない
M0190,心的外傷後ストレス障害（PTSD）,疾患治療,精神科・神経科領域,1,1,4842,3.51%,84.9%,0,現行,,必須にすると記載の無い15.1%が落ちる
M0191,手の外科手術,疾患治療,筋・骨格系及び外傷領域,1,1,4755,3.45%,84.9%,0,現行,,必須にすると記載の無い15.1%が落ちる
M0192,高血圧,疾患治療,内分泌・代謝・栄養領域,1,1,4589,3.33%,84.9%,0,現行,専門外来,必須にすると記載の無い15.1%が落ちる
M0193,摂食障害（拒食症・過食症）,疾患治療,精神科・神経科領域,1,1,4561,3.30%,84.9%,0,現行,,必須にすると記載の無い15.1%が落ちる
M0194,金属アレルギー患者の歯科診療,疾患治療,歯科領域,0,0,4541,3.29%,84.9%,1,現行,,歯科。医科の逆紹介では使わない
M0195,硬膜外麻酔,疾患治療,麻酔領域,1,1,4517,3.27%,84.9%,0,現行,,必須にすると記載の無い15.1%が落ちる
M0196,脊椎麻酔,疾患治療,麻酔領域,1,1,4495,3.26%,84.9%,0,現行,,必須にすると記載の無い15.1%が落ちる
M0197,血液透析,疾患治療,腎・泌尿器系領域,1,1,4460,3.23%,84.9%,0,現行,専門外来,必須にすると記載の無い15.1%が落ちる
M0198,水晶体再建術（白内障手術）,疾患治療,眼領域,1,1,4401,3.19%,84.9%,0,現行,,必須にすると記載の無い15.1%が落ちる
M0199,咬合誘導,疾患治療,小児歯科領域、歯科領域,0,0,4397,3.19%,84.9%,1,現行,,歯科。医科の逆紹介では使わない
M0200,歯牙移植術,疾患治療,歯科口腔外科領域,0,0,4381,3.17%,84.9%,1,現行,,歯科。医科の逆紹介では使わない
M0201,口臭症の治療,疾患治療,歯科領域,0,0,4369,3.17%,84.9%,1,現行,,歯科。医科の逆紹介では使わない
M0202,抗血栓療法,疾患治療,神経・脳血管領域,1,1,4318,3.13%,84.9%,0,現行,,必須にすると記載の無い15.1%が落ちる
M0203,重篤な歯周病の治療,疾患治療,歯科領域,0,0,4294,3.11%,84.9%,1,現行,,歯科。医科の逆紹介では使わない
M0204,全身麻酔,疾患治療,麻酔領域、歯科領域,1,1,4293,3.11%,84.9%,0,現行,,必須にすると記載の無い15.1%が落ちる
M0205,フッ化物洗口の指導,疾患治療,歯科領域,0,0,4262,3.09%,84.9%,1,現行,,歯科。医科の逆紹介では使わない
M0206,脳波検査,疾患治療,神経・脳血管領域,1,1,4257,3.08%,84.9%,0,現行,,必須にすると記載の無い15.1%が落ちる
M0207,小児循環器疾患,疾患治療,小児領域,1,1,4201,3.04%,84.9%,0,現行,,必須にすると記載の無い15.1%が落ちる
M0208,痛風診療,疾患治療,内分泌・代謝・栄養領域,1,1,4193,3.04%,84.9%,0,現行,,必須にすると記載の無い15.1%が落ちる
M0209,呼吸器リハビリテーション,疾患治療,リハビリ領域,1,1,4178,3.03%,84.9%,0,現行,,必須にすると記載の無い15.1%が落ちる
M0210,小児腎疾患,疾患治療,小児領域,1,1,3996,2.90%,84.9%,0,現行,,必須にすると記載の無い15.1%が落ちる
M0211,光線療法（紫外線・赤外線・ＰＵＶＡ）,疾患治療,皮膚・形成外科領域,1,1,3962,2.87%,84.9%,0,現行,,必須にすると記載の無い15.1%が落ちる
M0212,産科領域の一次診療,疾患治療,産科領域,1,1,3798,2.75%,84.9%,0,現行,,必須にすると記載の無い15.1%が落ちる
M0213,膀胱鏡検査,疾患治療,腎・泌尿器系領域,1,1,3690,2.67%,84.9%,0,現行,,必須にすると記載の無い15.1%が落ちる
M0214,アルコール依存症,疾患治療,精神科・神経科領域,1,1,3628,2.63%,84.9%,0,現行,専門外来,必須にすると記載の無い15.1%が落ちる
M0215,アレルギーの減感作療法,疾患治療,血液・免疫系領域,1,1,3608,2.61%,84.9%,0,現行,,必須にすると記載の無い15.1%が落ちる
M0216,小児神経疾患,疾患治療,小児領域,1,1,3475,2.52%,84.9%,0,現行,,必須にすると記載の無い15.1%が落ちる
M0217,心身医学療法,疾患治療,精神科・神経科領域,1,1,3405,2.47%,84.9%,0,現行,,必須にすると記載の無い15.1%が落ちる
M0218,骨折観血的手術,疾患治療,筋・骨格系及び外傷領域,1,1,3355,2.43%,84.9%,0,現行,,必須にすると記載の無い15.1%が落ちる
M0219,マンモグラフィー検査（乳房撮影）,疾患治療,画像診断,1,1,3314,2.40%,84.9%,0,現行,,必須にすると記載の無い15.1%が落ちる
M0220,硬膜外ブロックにおける麻酔剤の持続注入,疾患治療,麻酔領域,1,1,3276,2.37%,84.9%,0,現行,,必須にすると記載の無い15.1%が落ちる
M0221,喘息,疾患治療,呼吸器領域,1,1,3242,2.35%,84.9%,0,現行,専門外来,必須にすると記載の無い15.1%が落ちる
M0222,麻酔科標榜医による麻酔（麻酔管理）,疾患治療,麻酔領域,1,1,3219,2.33%,84.9%,0,現行,,必須にすると記載の無い15.1%が落ちる
M0223,胃悪性腫瘍化学療法,疾患治療,消化器系領域,1,1,3210,2.33%,84.9%,0,現行,,必須にすると記載の無い15.1%が落ちる
M0224,大腸悪性腫瘍化学療法,疾患治療,消化器系領域,1,1,3126,2.27%,84.9%,0,現行,,必須にすると記載の無い15.1%が落ちる
M0225,小児内分泌疾患,疾患治療,小児領域,1,1,3017,2.19%,84.9%,0,現行,,必須にすると記載の無い15.1%が落ちる
M0226,アキレス腱断裂手術（筋・腱手術）,疾患治療,筋・骨格系及び外傷領域,1,1,3016,2.19%,84.9%,0,現行,,必須にすると記載の無い15.1%が落ちる
M0227,血液凝固異常の診断及び治療,疾患治療,血液・免疫系領域,1,1,2868,2.08%,84.9%,0,現行,,必須にすると記載の無い15.1%が落ちる
M0228,病理診断（専ら病理診断を担当する医師による診断）,疾患治療,病理診断,1,1,2846,2.06%,84.9%,0,現行,,必須にすると記載の無い15.1%が落ちる
M0229,ヘリコバクタピロリの除菌,疾患治療,消化器系領域,1,1,2819,2.04%,84.9%,0,現行,,必須にすると記載の無い15.1%が落ちる
M0230,小児糖尿病,疾患治療,小児領域,1,1,2755,2.00%,84.9%,0,現行,,必須にすると記載の無い15.1%が落ちる
M0231,肥満診療,疾患治療,内分泌・代謝・栄養領域,1,1,2744,1.99%,84.9%,0,現行,,必須にすると記載の無い15.1%が落ちる
M0232,皮膚悪性腫瘍手術,疾患治療,皮膚・形成外科領域,1,1,2727,1.98%,84.9%,0,現行,,必須にすると記載の無い15.1%が落ちる
M0233,めまい診療,疾患治療,神経・脳血管領域、耳鼻咽喉領域,1,1,2722,1.97%,84.9%,0,現行,,必須にすると記載の無い15.1%が落ちる
M0234,緑内障手術,疾患治療,眼領域,1,1,2715,1.97%,84.9%,0,現行,,必須にすると記載の無い15.1%が落ちる
M0235,乳腺悪性腫瘍化学療法,疾患治療,乳腺領域,1,1,2644,1.92%,84.9%,0,現行,,必須にすると記載の無い15.1%が落ちる
M0236,人工股関節置換術（関節手術）,疾患治療,筋・骨格系及び外傷領域,1,1,2600,1.88%,84.9%,0,現行,,必須にすると記載の無い15.1%が落ちる
M0237,前立腺悪性腫瘍化学療法,疾患治療,腎・泌尿器系領域,1,1,2577,1.87%,84.9%,0,現行,,必須にすると記載の無い15.1%が落ちる
M0238,気管支ファイバースコピー,疾患治療,呼吸器領域,1,1,2567,1.86%,84.9%,0,現行,,必須にすると記載の無い15.1%が落ちる
M0239,関節鏡検査,疾患治療,筋・骨格系及び外傷領域,1,1,2555,1.85%,84.9%,0,現行,,必須にすると記載の無い15.1%が落ちる
M0240,代謝異常,疾患治療,内分泌・代謝・栄養領域,1,1,2552,1.85%,84.9%,0,現行,,必須にすると記載の無い15.1%が落ちる
M0241,人工膝関節置換術（関節手術）,疾患治療,筋・骨格系及び外傷領域,1,1,2532,1.83%,84.9%,0,現行,,必須にすると記載の無い15.1%が落ちる
M0242,リンパ節生検,疾患治療,血液・免疫系領域,1,1,2531,1.83%,84.9%,0,現行,,必須にすると記載の無い15.1%が落ちる
M0243,う蝕治療,疾患治療,歯科領域,0,0,2527,1.83%,84.9%,1,現行,,歯科。医科の逆紹介では使わない
M0244,歯周治療,疾患治療,歯科領域,0,0,2504,1.81%,84.9%,1,現行,,歯科。医科の逆紹介では使わない
M0245,歯周疾患予防処置,疾患治療,歯科領域,0,0,2482,1.80%,84.9%,1,現行,,歯科。医科の逆紹介では使わない
M0246,顎変形症の歯科矯正治療,疾患治療,歯科領域、矯正歯科領域,0,0,2475,1.79%,84.9%,1,現行,,歯科。医科の逆紹介では使わない
M0247,口腔乾燥症治療,疾患治療,歯科口腔外科領域,0,0,2464,1.79%,84.9%,1,現行,,歯科。医科の逆紹介では使わない
M0248,肝悪性腫瘍化学療法,疾患治療,肝・胆道・膵臓領域,1,1,2429,1.76%,84.9%,0,現行,,必須にすると記載の無い15.1%が落ちる
M0249,小児食物アレルギー負荷検査,疾患治療,小児領域,1,1,2420,1.75%,84.9%,0,現行,,必須にすると記載の無い15.1%が落ちる
M0250,膵悪性腫瘍化学療法,疾患治療,肝・胆道・膵臓領域,1,1,2406,1.74%,84.9%,0,現行,,必須にすると記載の無い15.1%が落ちる
M0251,薬物依存症,疾患治療,精神科・神経科領域,1,1,2354,1.71%,84.9%,0,現行,,必須にすると記載の無い15.1%が落ちる
M0252,遠隔画像診断,疾患治療,画像診断,1,1,2325,1.68%,84.9%,0,現行,,必須にすると記載の無い15.1%が落ちる
M0253,小児のフッ素塗布,疾患治療,歯科領域,0,0,2324,1.68%,84.9%,1,現行,,歯科。医科の逆紹介では使わない
M0254,胆道悪性腫瘍化学療法,疾患治療,肝・胆道・膵臓領域,1,1,2308,1.67%,84.9%,0,現行,,必須にすると記載の無い15.1%が落ちる
M0255,顎骨骨折治療,疾患治療,歯科口腔外科領域,0,0,2296,1.66%,84.9%,1,現行,,歯科。医科の逆紹介では使わない
M0256,小児喘息,疾患治療,小児領域,1,1,2294,1.66%,84.9%,0,現行,,必須にすると記載の無い15.1%が落ちる
M0257,ＰＭＴＣ（ＰｒｏｆｅｓｓｉｏｎａｌＭｅｃｈａｎｉｃａｌＴｏｏｔｈＣｌｅａｎｉｎｇ）,疾患治療,歯科領域,0,0,2276,1.65%,84.9%,1,現行,,歯科。医科の逆紹介では使わない
M0258,小児自己免疫疾患,疾患治療,小児領域,1,1,2264,1.64%,84.9%,0,現行,,必須にすると記載の無い15.1%が落ちる
M0259,歯周組織再生誘導手術,疾患治療,歯科口腔外科領域,0,0,2258,1.64%,84.9%,1,現行,,歯科。医科の逆紹介では使わない
M0260,免疫・アレルギー疾患,疾患治療,血液・免疫系領域,1,1,2256,1.63%,84.9%,0,現行,,必須にすると記載の無い15.1%が落ちる
M0261,補聴器適合検査,疾患治療,耳鼻咽喉領域,1,1,2213,1.60%,84.9%,0,現行,,必須にすると記載の無い15.1%が落ちる
M0262,虫垂切除術（ただし、乳幼児に係るものを除く。）,疾患治療,消化器系領域,1,1,2211,1.60%,84.9%,0,現行,,必須にすると記載の無い15.1%が落ちる
M0263,大腸悪性腫瘍手術,疾患治療,消化器系領域,1,1,2148,1.56%,84.9%,0,現行,,必須にすると記載の無い15.1%が落ちる
M0264,視能訓練,疾患治療,リハビリ領域,1,1,2137,1.55%,84.9%,0,現行,,必須にすると記載の無い15.1%が落ちる
M0265,胃悪性腫瘍手術,疾患治療,消化器系領域,1,1,2131,1.54%,84.9%,0,現行,,必須にすると記載の無い15.1%が落ちる
M0266,腹膜透析（CAPD）,疾患治療,腎・泌尿器系領域,1,1,2104,1.52%,84.9%,0,現行,,必須にすると記載の無い15.1%が落ちる
M0267,肝生検,疾患治療,肝・胆道・膵臓領域,1,1,2103,1.52%,84.9%,0,現行,,必須にすると記載の無い15.1%が落ちる
M0268,食道悪性腫瘍化学療法,疾患治療,消化器系領域,1,1,2103,1.52%,84.9%,0,現行,,必須にすると記載の無い15.1%が落ちる
M0269,経皮経肝的胆道ドレナージ,疾患治療,肝・胆道・膵臓領域,1,1,2083,1.51%,84.9%,0,現行,,必須にすると記載の無い15.1%が落ちる
M0270,唇顎口蓋裂の歯科矯正治療,疾患治療,歯科領域、矯正歯科領域,0,0,2077,1.50%,84.9%,1,現行,,歯科。医科の逆紹介では使わない
M0271,禁煙支援,疾患治療,歯科領域,0,0,2067,1.50%,84.9%,1,現行,,歯科。医科の逆紹介では使わない
M0272,ホワイトニング（歯を白くする）,疾患治療,歯科領域,0,0,2063,1.49%,84.9%,1,現行,,歯科。医科の逆紹介では使わない
M0273,腹腔鏡下胆石症手術,疾患治療,肝・胆道・膵臓領域,1,1,2043,1.48%,84.9%,0,現行,,必須にすると記載の無い15.1%が落ちる
M0274,慢性呼吸不全,疾患治療,呼吸器領域,1,1,2003,1.45%,84.9%,0,現行,,必須にすると記載の無い15.1%が落ちる
M0275,開腹による胆石症手術,疾患治療,肝・胆道・膵臓領域,1,1,1986,1.44%,84.9%,0,現行,,必須にすると記載の無い15.1%が落ちる
M0276,内視鏡的胆道ドレナージ,疾患治療,肝・胆道・膵臓領域,1,1,1973,1.43%,84.9%,0,現行,,必須にすると記載の無い15.1%が落ちる
M0277,硝子体手術,疾患治療,眼領域,1,1,1968,1.43%,84.9%,0,現行,,必須にすると記載の無い15.1%が落ちる
M0278,膀胱悪性腫瘍化学療法,疾患治療,腎・泌尿器系領域,1,1,1962,1.42%,84.9%,0,現行,,必須にすると記載の無い15.1%が落ちる
M0279,脊椎手術,疾患治療,筋・骨格系及び外傷領域,1,1,1961,1.42%,84.9%,0,現行,,必須にすると記載の無い15.1%が落ちる
M0280,小児血液疾患,疾患治療,小児領域,1,1,1948,1.41%,84.9%,0,現行,,必須にすると記載の無い15.1%が落ちる
M0281,肺悪性腫瘍化学療法,疾患治療,呼吸器領域,1,1,1901,1.38%,84.9%,0,現行,,必須にすると記載の無い15.1%が落ちる
M0282,著しく歯科診療が困難な者の歯科診療（身体的によるもの）,疾患治療,歯科領域,0,0,1866,1.35%,84.9%,1,現行,,歯科。医科の逆紹介では使わない
M0283,乳腺悪性腫瘍手術,疾患治療,乳腺領域,1,1,1862,1.35%,84.9%,0,現行,,必須にすると記載の無い15.1%が落ちる
M0284,顎変形症治療,疾患治療,歯科口腔外科領域,0,0,1858,1.35%,84.9%,1,現行,,歯科。医科の逆紹介では使わない
M0285,ペースメーカー移植術,疾患治療,循環器系領域,1,1,1835,1.33%,84.9%,0,現行,,必須にすると記載の無い15.1%が落ちる
M0286,小児聴力障害診療,疾患治療,耳鼻咽喉領域,1,1,1835,1.33%,84.9%,0,現行,,必須にすると記載の無い15.1%が落ちる
M0287,椎間板摘出術,疾患治療,筋・骨格系及び外傷領域,1,1,1816,1.32%,84.9%,0,現行,,必須にすると記載の無い15.1%が落ちる
M0288,正常分娩,疾患治療,産科領域,1,1,1795,1.30%,84.9%,0,現行,,必須にすると記載の無い15.1%が落ちる
M0289,腹腔鏡下大腸悪性腫瘍手術,疾患治療,消化器系領域,1,1,1777,1.29%,84.9%,0,現行,,必須にすると記載の無い15.1%が落ちる
M0290,骨髄生検,疾患治療,血液・免疫系領域,1,1,1768,1.28%,84.9%,0,現行,,必須にすると記載の無い15.1%が落ちる
M0291,夜間透析,疾患治療,腎・泌尿器系領域,1,1,1757,1.27%,84.9%,0,現行,,必須にすると記載の無い15.1%が落ちる
M0292,選択帝王切開術,疾患治療,産科領域,1,1,1737,1.26%,84.9%,0,現行,,必須にすると記載の無い15.1%が落ちる
M0293,頸動脈超音波検査,疾患治療,循環器系領域,1,1,1736,1.26%,84.9%,0,現行,,必須にすると記載の無い15.1%が落ちる
M0294,緊急帝王切開術,疾患治療,産科領域,1,1,1724,1.25%,84.9%,0,現行,,必須にすると記載の無い15.1%が落ちる
M0295,がん患者リハビリテーション,疾患治療,リハビリ領域,1,1,1717,1.24%,84.9%,0,現行,,必須にすると記載の無い15.1%が落ちる
M0296,心大血管疾患リハビリテーション,疾患治療,リハビリ領域,1,1,1704,1.23%,84.9%,0,現行,,必須にすると記載の無い15.1%が落ちる
M0297,鍼灸治療,疾患治療,その他,1,1,1703,1.23%,84.9%,0,現行,,必須にすると記載の無い15.1%が落ちる
M0298,腹腔鏡下胃悪性腫瘍手術,疾患治療,消化器系領域,1,1,1673,1.21%,84.9%,0,現行,,必須にすると記載の無い15.1%が落ちる
M0299,ラミネートべニアクラウン,疾患治療,歯科領域,0,0,1669,1.21%,84.9%,1,現行,,歯科。医科の逆紹介では使わない
M0300,精神分析療法,疾患治療,精神科・神経科領域,1,1,1664,1.21%,84.9%,0,現行,,必須にすると記載の無い15.1%が落ちる
M0301,腎悪性腫瘍化学療法,疾患治療,腎・泌尿器系領域,1,1,1658,1.20%,84.9%,0,現行,,必須にすると記載の無い15.1%が落ちる
M0302,中等症の熱傷の入院治療,疾患治療,皮膚・形成外科領域,1,1,1653,1.20%,84.9%,0,現行,,必須にすると記載の無い15.1%が落ちる
M0303,小児先天性代謝疾患,疾患治療,小児領域,1,1,1652,1.20%,84.9%,0,現行,,必須にすると記載の無い15.1%が落ちる
M0304,著しく歯科診療が困難な者の歯科診療（知的によるもの）,疾患治療,歯科領域,0,0,1587,1.15%,84.9%,1,現行,,歯科。医科の逆紹介では使わない
M0305,口腔領域の腫瘍の治療,疾患治療,歯科口腔外科領域,0,0,1586,1.15%,84.9%,1,現行,,歯科。医科の逆紹介では使わない
M0306,病理迅速検査,疾患治療,病理診断,1,1,1559,1.13%,84.9%,0,現行,,必須にすると記載の無い15.1%が落ちる
M0307,肝悪性腫瘍手術,疾患治療,肝・胆道・膵臓領域,1,1,1544,1.12%,84.9%,0,現行,,必須にすると記載の無い15.1%が落ちる
M0308,下肢静脈瘤手術,疾患治療,循環器系領域,1,1,1540,1.12%,84.9%,0,現行,,必須にすると記載の無い15.1%が落ちる
M0309,アタッチメント、コーヌス等,疾患治療,歯科領域,0,0,1519,1.10%,84.9%,1,現行,,歯科。医科の逆紹介では使わない
M0310,膀胱悪性腫瘍手術,疾患治療,腎・泌尿器系領域,1,1,1518,1.10%,84.9%,0,現行,,必須にすると記載の無い15.1%が落ちる
M0311,胆道悪性腫瘍手術,疾患治療,肝・胆道・膵臓領域,1,1,1475,1.07%,84.9%,0,現行,,必須にすると記載の無い15.1%が落ちる
M0312,脱毛症診療,疾患治療,皮膚・形成外科領域,1,1,1460,1.06%,84.9%,0,現行,,必須にすると記載の無い15.1%が落ちる
M0313,居宅療養管理指導の実施,疾患治療,歯科領域,0,0,1455,1.05%,84.9%,1,現行,,歯科。医科の逆紹介では使わない
M0314,膵悪性腫瘍手術,疾患治療,肝・胆道・膵臓領域,1,1,1440,1.04%,84.9%,0,現行,,必須にすると記載の無い15.1%が落ちる
M0315,精神科デイ・ケア,疾患治療,精神科・神経科領域,1,1,1438,1.04%,84.9%,0,現行,,必須にすると記載の無い15.1%が落ちる
M0316,アナフィラキシー（重症アレルギー）に関する相談,疾患治療,血液・免疫系領域、小児領域,1,1,1411,1.02%,84.9%,0,現行,,必須にすると記載の無い15.1%が落ちる
M0317,腎生検,疾患治療,腎・泌尿器系領域,1,1,1409,1.02%,84.9%,0,現行,,必須にすると記載の無い15.1%が落ちる
M0318,小児整形外科手術,疾患治療,筋・骨格系及び外傷領域,1,1,1357,0.98%,84.9%,0,現行,,必須にすると記載の無い15.1%が落ちる
M0319,糖尿病性腎症,疾患治療,腎・泌尿器系領域,1,1,1345,0.97%,84.9%,0,現行,,必須にすると記載の無い15.1%が落ちる
M0320,精神科ショート・ケア,疾患治療,精神科・神経科領域,1,1,1322,0.96%,84.9%,0,現行,,必須にすると記載の無い15.1%が落ちる
M0321,リウマチ,疾患治療,筋・骨格系及び外傷領域,1,1,1313,0.95%,84.9%,0,現行,専門外来,必須にすると記載の無い15.1%が落ちる
M0322,経皮的冠動脈形成術（ＰＴＣＡ）,疾患治療,循環器系領域,1,1,1294,0.94%,84.9%,0,現行,,必須にすると記載の無い15.1%が落ちる
M0323,経皮的冠動脈ステント留置術,疾患治療,循環器系領域,1,1,1284,0.93%,84.9%,0,現行,,必須にすると記載の無い15.1%が落ちる
M0324,食道悪性腫瘍手術,疾患治療,消化器系領域,1,1,1279,0.93%,84.9%,0,現行,,必須にすると記載の無い15.1%が落ちる
M0325,前立腺疾患,疾患治療,腎・泌尿器系領域,1,1,1249,0.91%,84.9%,0,現行,,必須にすると記載の無い15.1%が落ちる
M0326,甲状腺腫瘍手術,疾患治療,内分泌・代謝・栄養領域,1,1,1242,0.90%,84.9%,0,現行,,必須にすると記載の無い15.1%が落ちる
M0327,甲状腺悪性腫瘍化学療法,疾患治療,内分泌・代謝・栄養領域,1,1,1235,0.89%,84.9%,0,現行,,必須にすると記載の無い15.1%が落ちる
M0328,子宮筋腫摘出術,疾患治療,婦人科領域,1,1,1232,0.89%,84.9%,0,現行,,必須にすると記載の無い15.1%が落ちる
M0329,舌痛症治療,疾患治療,歯科口腔外科領域,0,0,1230,0.89%,84.9%,1,現行,,歯科。医科の逆紹介では使わない
M0330,下肢血行障害に対する検査（ＰＷＶ・ＡＢＩ）,疾患治療,循環器系領域,1,1,1195,0.87%,84.9%,0,現行,,必須にすると記載の無い15.1%が落ちる
M0331,著しく歯科診療が困難な者（障がい者等）の歯科治療,疾患治療,歯科領域,0,0,1173,0.85%,84.9%,1,現行,,歯科。医科の逆紹介では使わない
M0332,膠原病,疾患治療,血液・免疫系領域,1,1,1172,0.85%,84.9%,0,現行,専門外来,必須にすると記載の無い15.1%が落ちる
M0333,心臓カテーテル法による諸検査（終日対応することができるものに限る）,疾患治療,循環器系領域,1,1,1165,0.84%,84.9%,0,現行,,必須にすると記載の無い15.1%が落ちる
M0334,リンパ組織悪性腫瘍化学療法,疾患治療,血液・免疫系領域,1,1,1156,0.84%,84.9%,0,現行,,必須にすると記載の無い15.1%が落ちる
M0335,腎悪性腫瘍手術,疾患治療,腎・泌尿器系領域,1,1,1155,0.84%,84.9%,0,現行,,必須にすると記載の無い15.1%が落ちる
M0336,一般不妊治療,疾患治療,その他,1,1,1094,0.79%,84.9%,0,現行,,必須にすると記載の無い15.1%が落ちる
M0337,前立腺悪性腫瘍手術,疾患治療,腎・泌尿器系領域,1,1,1092,0.79%,84.9%,0,現行,,必須にすると記載の無い15.1%が落ちる
M0338,経鼻的上部消化管内視鏡検査(経鼻内視鏡）,疾患治療,消化器系領域,1,1,1088,0.79%,84.9%,0,現行,,必須にすると記載の無い15.1%が落ちる
M0339,小児の腸重積,疾患治療,小児領域,1,1,1087,0.79%,84.9%,0,現行,,必須にすると記載の無い15.1%が落ちる
M0340,糖尿病に関する注射薬の外来での導入,疾患治療,内分泌・代謝・栄養領域,1,1,1085,0.79%,84.9%,0,現行,,必須にすると記載の無い15.1%が落ちる
M0341,内視鏡下副鼻腔炎手術,疾患治療,耳鼻咽喉領域,1,1,1081,0.78%,84.9%,0,現行,,必須にすると記載の無い15.1%が落ちる
M0342,ＧＬＰ－1受容体作動薬注射,疾患治療,内分泌・代謝・栄養領域,1,1,1072,0.78%,84.9%,0,現行,,必須にすると記載の無い15.1%が落ちる
M0343,唇顎口蓋裂治療,疾患治療,歯科口腔外科領域,0,0,1051,0.76%,84.9%,1,現行,難病,歯科。医科の逆紹介では使わない
M0344,脳腫瘍摘出術,疾患治療,神経・脳血管領域,1,1,1042,0.76%,84.9%,0,現行,,必須にすると記載の無い15.1%が落ちる
M0345,造血器腫瘍遺伝子検査,疾患治療,血液・免疫系領域,1,1,1017,0.74%,84.9%,0,現行,,必須にすると記載の無い15.1%が落ちる
M0346,てんかん,疾患治療,神経・脳血管領域、精神科・神経科領域,1,1,1015,0.74%,84.9%,0,現行,専門外来,必須にすると記載の無い15.1%が落ちる
M0347,経皮的冠動脈血栓吸引術,疾患治療,循環器系領域,1,1,996,0.72%,84.9%,0,現行,,必須にすると記載の無い15.1%が落ちる
M0348,子宮悪性腫瘍化学療法,疾患治療,婦人科領域,1,1,990,0.72%,84.9%,0,現行,,必須にすると記載の無い15.1%が落ちる
M0349,卵巣悪性腫瘍化学療法,疾患治療,婦人科領域,1,1,980,0.71%,84.9%,0,現行,,必須にすると記載の無い15.1%が落ちる
M0350,斜視手術,疾患治療,眼領域,1,1,978,0.71%,84.9%,0,現行,,必須にすると記載の無い15.1%が落ちる
M0351,頭蓋内血腫除去術（終日対応することができるものに限る）,疾患治療,神経・脳血管領域,1,1,968,0.70%,84.9%,0,現行,,必須にすると記載の無い15.1%が落ちる
M0352,胸腔鏡下肺悪性腫瘍摘出術,疾患治療,呼吸器領域,1,1,964,0.70%,84.9%,0,現行,,必須にすると記載の無い15.1%が落ちる
M0353,脳血管内手術,疾患治療,神経・脳血管領域,1,1,961,0.70%,84.9%,0,現行,,必須にすると記載の無い15.1%が落ちる
M0354,副鼻腔炎手術,疾患治療,耳鼻咽喉領域,1,1,952,0.69%,84.9%,0,現行,,必須にすると記載の無い15.1%が落ちる
M0355,肺悪性腫瘍摘出術,疾患治療,呼吸器領域,1,1,951,0.69%,84.9%,0,現行,,必須にすると記載の無い15.1%が落ちる
M0356,アルコール肝炎,疾患治療,肝・胆道・膵臓領域,1,1,950,0.69%,84.9%,0,現行,,必須にすると記載の無い15.1%が落ちる
M0357,上記以外の心臓カテーテル法による諸検査,疾患治療,循環器系領域,0,0,949,0.69%,84.9%,0,現行,,ノイズ
M0358,椎間板ヘルニアに対する内視鏡下椎間板摘出術,疾患治療,筋・骨格系及び外傷領域,1,1,940,0.68%,84.9%,0,現行,,必須にすると記載の無い15.1%が落ちる
M0359,乳腺炎重症化予防ケア・指導,疾患治療,産科領域,1,1,938,0.68%,84.9%,0,現行,,必須にすると記載の無い15.1%が落ちる
M0360,白血病化学療法,疾患治療,血液・免疫系領域,1,1,932,0.68%,84.9%,0,現行,,必須にすると記載の無い15.1%が落ちる
M0361,ハイリスク妊産婦共同管理,疾患治療,産科領域,1,1,930,0.67%,84.9%,0,現行,,必須にすると記載の無い15.1%が落ちる
M0362,睡眠時無呼吸（症候群）の治療,疾患治療,歯科領域,0,0,923,0.67%,84.9%,1,現行,,歯科。医科の逆紹介では使わない
M0363,脳動脈瘤根治術（被包術、クリッピング）（終日対応することができるものに限る）,疾患治療,神経・脳血管領域,1,1,911,0.66%,84.9%,0,現行,,必須にすると記載の無い15.1%が落ちる
M0364,悪性脳腫瘍化学療法,疾患治療,神経・脳血管領域,1,1,908,0.66%,84.9%,0,現行,,必須にすると記載の無い15.1%が落ちる
M0365,眼底網膜疾患,疾患治療,眼領域,1,1,901,0.65%,84.9%,0,現行,,必須にすると記載の無い15.1%が落ちる
M0366,子宮悪性腫瘍手術,疾患治療,婦人科領域,1,1,898,0.65%,84.9%,0,現行,,必須にすると記載の無い15.1%が落ちる
M0367,レーザー応用によるう蝕除去・スケーリングの無痛療法,疾患治療,歯科領域,0,0,885,0.64%,84.9%,1,現行,,歯科。医科の逆紹介では使わない
M0368,小児の脳炎又は髄膜炎,疾患治療,小児領域,1,1,882,0.64%,84.9%,0,現行,,必須にすると記載の無い15.1%が落ちる
M0369,障害者の診療を行っている,疾患治療,歯科領域,0,0,873,0.63%,84.9%,1,現行,,歯科。医科の逆紹介では使わない
M0370,脳動静脈奇形摘出術,疾患治療,神経・脳血管領域,1,1,870,0.63%,84.9%,0,現行,,必須にすると記載の無い15.1%が落ちる
M0371,腹腔鏡下子宮筋腫摘出術,疾患治療,婦人科領域,1,1,862,0.62%,84.9%,0,現行,,必須にすると記載の無い15.1%が落ちる
M0372,障害児（者）への一般歯科治療,疾患治療,歯科領域,0,0,858,0.62%,84.9%,1,現行,,歯科。医科の逆紹介では使わない
M0373,糖尿病による眼合併症の診断と治療,疾患治療,眼領域,1,1,849,0.62%,84.9%,0,現行,,必須にすると記載の無い15.1%が落ちる
M0374,軟部悪性腫瘍手術,疾患治療,筋・骨格系及び外傷領域,1,1,823,0.60%,84.9%,0,現行,,必須にすると記載の無い15.1%が落ちる
M0375,小児外科手術,疾患治療,小児領域,1,1,821,0.59%,84.9%,0,現行,,必須にすると記載の無い15.1%が落ちる
M0376,卵巣悪性腫瘍手術,疾患治療,婦人科領域,1,1,820,0.59%,84.9%,0,現行,,必須にすると記載の無い15.1%が落ちる
M0377,歯科で行う言語療法,疾患治療,歯科領域,0,0,807,0.58%,84.9%,1,現行,,歯科。医科の逆紹介では使わない
M0378,脊髄腫瘍摘出術,疾患治療,神経・脳血管領域、整形外科領域,1,1,807,0.58%,84.9%,0,現行,,必須にすると記載の無い15.1%が落ちる
M0379,体外照射,疾患治療,放射線治療領域,1,1,805,0.58%,84.9%,0,現行,,必須にすると記載の無い15.1%が落ちる
M0380,障害児（者）への歯科相談,疾患治療,歯科領域,0,0,793,0.57%,84.9%,1,現行,,歯科。医科の逆紹介では使わない
M0381,頸部動脈血栓内膜剥離術,疾患治療,神経・脳血管領域,1,1,786,0.57%,84.9%,0,現行,,必須にすると記載の無い15.1%が落ちる
M0382,スポーツ外科,疾患治療,筋・骨格系及び外傷領域,1,1,785,0.57%,84.9%,0,現行,,必須にすると記載の無い15.1%が落ちる
M0383,体外衝撃波腎・尿路結石破砕術,疾患治療,腎・泌尿器系領域,1,1,773,0.56%,84.9%,0,現行,,必須にすると記載の無い15.1%が落ちる
M0384,障害児の診療を行っている,疾患治療,歯科領域,0,0,770,0.56%,84.9%,1,現行,,歯科。医科の逆紹介では使わない
M0385,副腎腫瘍摘出術,疾患治療,内分泌・代謝・栄養領域,1,1,762,0.55%,84.9%,0,現行,,必須にすると記載の無い15.1%が落ちる
M0386,食道悪性腫瘍放射線療法,疾患治療,消化器系領域,1,1,760,0.55%,84.9%,0,現行,,必須にすると記載の無い15.1%が落ちる
M0387,経皮的選択的脳血栓・塞栓溶解術（終日対応することができるものに限る）,疾患治療,神経・脳血管領域,1,1,745,0.54%,84.9%,0,現行,,必須にすると記載の無い15.1%が落ちる
M0388,乳腺悪性腫瘍放射線療法,疾患治療,乳腺領域,1,1,740,0.54%,84.9%,0,現行,,必須にすると記載の無い15.1%が落ちる
M0389,鼓室形成手術,疾患治療,耳鼻咽喉領域,1,1,737,0.53%,84.9%,0,現行,,必須にすると記載の無い15.1%が落ちる
M0390,副腎悪性腫瘍手術,疾患治療,内分泌・代謝・栄養領域,1,1,734,0.53%,84.9%,0,現行,,必須にすると記載の無い15.1%が落ちる
M0391,小児悪性腫瘍,疾患治療,小児領域,1,1,732,0.53%,84.9%,0,現行,,必須にすると記載の無い15.1%が落ちる
M0392,難聴診療,疾患治療,耳鼻咽喉領域,1,1,731,0.53%,84.9%,0,現行,,必須にすると記載の無い15.1%が落ちる
M0393,アレルギー児への予防接種,疾患治療,小児領域,1,1,725,0.53%,84.9%,0,現行,,必須にすると記載の無い15.1%が落ちる
M0394,耳鳴り診療,疾患治療,耳鼻咽喉領域,1,1,724,0.52%,84.9%,0,現行,,必須にすると記載の無い15.1%が落ちる
M0395,肺悪性腫瘍放射線療法,疾患治療,呼吸器領域,1,1,713,0.52%,84.9%,0,現行,,必須にすると記載の無い15.1%が落ちる
M0396,前立腺悪性腫瘍放射線療法,疾患治療,腎・泌尿器系領域,1,1,710,0.51%,84.9%,0,現行,,必須にすると記載の無い15.1%が落ちる
M0397,胃悪性腫瘍放射線療法,疾患治療,消化器系領域,1,1,702,0.51%,84.9%,0,現行,,必須にすると記載の無い15.1%が落ちる
M0398,膵悪性腫瘍放射線療法,疾患治療,肝・胆道・膵臓領域,1,1,694,0.50%,84.9%,0,現行,,必須にすると記載の無い15.1%が落ちる
M0399,緩和的放射線療法,疾患治療,緩和ケア領域,1,1,693,0.50%,84.9%,0,現行,,必須にすると記載の無い15.1%が落ちる
M0400,大動脈瘤手術,疾患治療,循環器系領域,1,1,682,0.49%,84.9%,0,現行,,必須にすると記載の無い15.1%が落ちる
M0401,悪性脳腫瘍放射線療法,疾患治療,神経・脳血管領域,1,1,669,0.48%,84.9%,0,現行,,必須にすると記載の無い15.1%が落ちる
M0402,障害児（者）への歯科保健指導,疾患治療,歯科領域,0,0,669,0.48%,84.9%,1,現行,,歯科。医科の逆紹介では使わない
M0403,電気味覚検査,疾患治療,耳鼻咽喉領域,1,1,654,0.47%,84.9%,0,現行,,必須にすると記載の無い15.1%が落ちる
M0404,腹腔鏡下前立腺悪性腫瘍手術,疾患治療,腎・泌尿器系領域,1,1,645,0.47%,84.9%,0,現行,,必須にすると記載の無い15.1%が落ちる
M0405,頭蓋内圧持続測定,疾患治療,神経・脳血管領域,1,1,643,0.47%,84.9%,0,現行,,必須にすると記載の無い15.1%が落ちる
M0406,心臓カテーテル法による血管内視鏡検査,疾患治療,循環器系領域,1,1,632,0.46%,84.9%,0,現行,,必須にすると記載の無い15.1%が落ちる
M0407,エイズ診療,疾患治療,血液・免疫系領域,1,1,631,0.46%,84.9%,0,現行,,必須にすると記載の無い15.1%が落ちる
M0408,皮膚悪性腫瘍化学療法,疾患治療,皮膚・形成外科領域,1,1,619,0.45%,84.9%,0,現行,,必須にすると記載の無い15.1%が落ちる
M0409,障害児リハビリテーション又は障害者リハビリテーション,疾患治療,リハビリ領域,1,1,614,0.44%,84.9%,0,現行,,必須にすると記載の無い15.1%が落ちる
M0410,食物アレルギー児除去食指導,疾患治療,小児領域,1,1,613,0.44%,84.9%,0,現行,,必須にすると記載の無い15.1%が落ちる
M0411,骨悪性腫瘍手術,疾患治療,筋・骨格系及び外傷領域,1,1,610,0.44%,84.9%,0,現行,,必須にすると記載の無い15.1%が落ちる
M0412,性感染症治療,疾患治療,腎・泌尿器系領域,1,1,607,0.44%,84.9%,0,現行,,必須にすると記載の無い15.1%が落ちる
M0413,禁煙指導（ニコチン依存症管理）（自費）,疾患治療,精神科・神経科領域,1,1,603,0.44%,84.9%,0,現行,,必須にすると記載の無い15.1%が落ちる
M0414,舌悪性腫瘍手術,疾患治療,耳鼻咽喉領域,1,1,601,0.44%,84.9%,0,現行,,必須にすると記載の無い15.1%が落ちる
M0415,子宮悪性腫瘍放射線療法,疾患治療,婦人科領域,1,1,596,0.43%,84.9%,0,現行,,必須にすると記載の無い15.1%が落ちる
M0416,リンパ組織悪性腫瘍放射線療法,疾患治療,血液・免疫系領域,1,1,595,0.43%,84.9%,0,現行,,必須にすると記載の無い15.1%が落ちる
M0417,（糖尿病性網膜症に対する）光凝固療法,疾患治療,眼領域,1,1,594,0.43%,84.9%,0,現行,,必須にすると記載の無い15.1%が落ちる
M0418,上記以外の頭蓋内血腫除去術,疾患治療,神経・脳血管領域,0,0,592,0.43%,84.9%,0,現行,,ノイズ
M0419,パッチテスト,疾患治療,皮膚・形成外科領域,1,1,590,0.43%,84.9%,0,現行,,必須にすると記載の無い15.1%が落ちる
M0420,冠動脈バイパス術,疾患治療,循環器系領域,1,1,573,0.42%,84.9%,0,現行,,必須にすると記載の無い15.1%が落ちる
M0421,弁膜症手術,疾患治療,循環器系領域,1,1,562,0.41%,84.9%,0,現行,,必須にすると記載の無い15.1%が落ちる
M0422,公益社団法人日本口腔外科学会口腔外科専門医による治療,疾患治療,歯科口腔外科領域,0,0,554,0.40%,84.9%,1,現行,,歯科。医科の逆紹介では使わない
M0423,喉頭悪性腫瘍化学療法,疾患治療,耳鼻咽喉領域,1,1,554,0.40%,84.9%,0,現行,,必須にすると記載の無い15.1%が落ちる
M0424,咽頭悪性腫瘍化学療法,疾患治療,耳鼻咽喉領域,1,1,549,0.40%,84.9%,0,現行,,必須にすると記載の無い15.1%が落ちる
M0425,卵巣悪性腫瘍放射線療法,疾患治療,婦人科領域,1,1,548,0.40%,84.9%,0,現行,,必須にすると記載の無い15.1%が落ちる
M0426,開心術,疾患治療,循環器系領域,1,1,544,0.39%,84.9%,0,現行,,必須にすると記載の無い15.1%が落ちる
M0427,舌悪性腫瘍化学療法,疾患治療,耳鼻咽喉領域,1,1,541,0.39%,84.9%,0,現行,,必須にすると記載の無い15.1%が落ちる
M0428,直線加速器による定位放射線治療,疾患治療,放射線治療領域,1,1,535,0.39%,84.9%,0,現行,,必須にすると記載の無い15.1%が落ちる
M0429,マイクロサージェリーによる遊離組織移植,疾患治療,皮膚・形成外科領域,1,1,529,0.38%,84.9%,0,現行,,必須にすると記載の無い15.1%が落ちる
M0430,口腔顔面痛治療,疾患治療,歯科口腔外科領域,0,0,522,0.38%,84.9%,1,現行,,歯科。医科の逆紹介では使わない
M0431,超音波骨折治療法,疾患治療,筋・骨格系及び外傷領域,1,1,520,0.38%,84.9%,0,現行,,必須にすると記載の無い15.1%が落ちる
M0432,甲状腺悪性腫瘍放射線療法,疾患治療,内分泌・代謝・栄養領域,1,1,516,0.37%,84.9%,0,現行,,必須にすると記載の無い15.1%が落ちる
M0433,喉頭悪性腫瘍手術,疾患治療,耳鼻咽喉領域,1,1,510,0.37%,84.9%,0,現行,,必須にすると記載の無い15.1%が落ちる
M0434,喉頭悪性腫瘍放射線療法,疾患治療,耳鼻咽喉領域,1,1,507,0.37%,84.9%,0,現行,,必須にすると記載の無い15.1%が落ちる
M0435,咽頭悪性腫瘍手術,疾患治療,耳鼻咽喉領域,1,1,499,0.36%,84.9%,0,現行,,必須にすると記載の無い15.1%が落ちる
M0436,臨床心理士によるカウンセリング,疾患治療,精神科・神経科領域,1,1,496,0.36%,84.9%,0,現行,,必須にすると記載の無い15.1%が落ちる
M0437,咽頭悪性腫瘍放射線療法,疾患治療,耳鼻咽喉領域,1,1,493,0.36%,84.9%,0,現行,,必須にすると記載の無い15.1%が落ちる
M0438,唇顎口蓋裂手術,疾患治療,皮膚・形成外科領域,1,1,487,0.35%,84.9%,0,現行,,必須にすると記載の無い15.1%が落ちる
M0439,寄生虫診療,疾患治療,消化器系領域,1,1,487,0.35%,84.9%,0,現行,,必須にすると記載の無い15.1%が落ちる
M0440,糖尿病患者教育のうち管理栄養士による食事療法（外来）,疾患治療,内分泌・代謝・栄養領域,1,1,479,0.35%,84.9%,0,現行,,必須にすると記載の無い15.1%が落ちる
M0441,小児発育障害,疾患治療,小児領域,1,1,472,0.34%,84.9%,0,現行,,必須にすると記載の無い15.1%が落ちる
M0442,てんかん手術を含む機能的脳神経手術,疾患治療,神経・脳血管領域,1,1,469,0.34%,84.9%,0,現行,,必須にすると記載の無い15.1%が落ちる
M0443,上記以外の脳動脈瘤根治術（被包術、クリッピング）,疾患治療,神経・脳血管領域,0,0,468,0.34%,84.9%,0,現行,,ノイズ
M0444,舌悪性腫瘍放射線療法,疾患治療,耳鼻咽喉領域,1,1,462,0.33%,84.9%,0,現行,,必須にすると記載の無い15.1%が落ちる
M0445,骨悪性腫瘍化学療法,疾患治療,筋・骨格系及び外傷領域,1,1,458,0.33%,84.9%,0,現行,,必須にすると記載の無い15.1%が落ちる
M0446,外反母趾治療,疾患治療,筋・骨格系及び外傷領域,1,1,440,0.32%,84.9%,0,現行,,必須にすると記載の無い15.1%が落ちる
M0447,顔面外傷の治療（軟部組織損傷）,疾患治療,皮膚・形成外科領域,1,1,437,0.32%,84.9%,0,現行,,必須にすると記載の無い15.1%が落ちる
M0448,ポジトロン断層撮影（ＰＥＴ）、ポジトロン断層・コンピューター断層複合撮影又はポジトロン断層・磁気共鳴コンピューター断層複合撮影,疾患治療,画像診断,1,1,435,0.32%,84.9%,0,現行,,必須にすると記載の無い15.1%が落ちる
M0449,軟部悪性腫瘍化学療法,疾患治療,筋・骨格系及び外傷領域,1,1,434,0.31%,84.9%,0,現行,,必須にすると記載の無い15.1%が落ちる
M0450,吸入鎮静法による治療を行うことができる,疾患治療,歯科領域,0,0,423,0.31%,84.9%,1,現行,,歯科。医科の逆紹介では使わない
M0451,小児脳外科手術,疾患治療,神経・脳血管領域,1,1,418,0.30%,84.9%,0,現行,,必須にすると記載の無い15.1%が落ちる
M0452,男性更年期障害治療,疾患治療,腎・泌尿器系領域,1,1,418,0.30%,84.9%,0,現行,,必須にすると記載の無い15.1%が落ちる
M0453,ドクターによるカウンセリング,疾患治療,精神科・神経科領域,1,1,413,0.30%,84.9%,0,現行,,必須にすると記載の無い15.1%が落ちる
M0454,白血病放射線療法,疾患治療,血液・免疫系領域,1,1,404,0.29%,84.9%,0,現行,,必須にすると記載の無い15.1%が落ちる
M0455,精神科デイ・ナイト・ケア,疾患治療,精神科・神経科領域,1,1,401,0.29%,84.9%,0,現行,,必須にすると記載の無い15.1%が落ちる
M0456,眼瞼下垂症手術,疾患治療,眼領域,1,1,397,0.29%,84.9%,0,現行,,必須にすると記載の無い15.1%が落ちる
M0457,注意欠陥多動性障害（ＡＤＨＤ）,疾患治療,小児領域,1,1,388,0.28%,84.9%,0,現行,,必須にすると記載の無い15.1%が落ちる
M0458,上記以外の経皮的選択的脳血栓・塞栓溶解術,疾患治療,神経・脳血管領域,0,0,381,0.28%,84.9%,0,現行,,ノイズ
M0459,難病患者リハビリテーション,疾患治療,リハビリ領域,1,1,371,0.27%,84.9%,0,現行,,必須にすると記載の無い15.1%が落ちる
M0460,重度認知症患者デイ・ケア,疾患治療,精神科・神経科領域,1,1,362,0.26%,84.9%,0,現行,,必須にすると記載の無い15.1%が落ちる
M0461,笑気吸入,疾患治療,歯科領域,0,0,360,0.26%,84.9%,1,現行,,歯科。医科の逆紹介では使わない
M0462,生殖補助医療,疾患治療,その他,1,1,359,0.26%,84.9%,0,現行,,必須にすると記載の無い15.1%が落ちる
M0463,乳腺炎の診療（手術なし）,疾患治療,乳腺領域,1,1,355,0.26%,84.9%,0,現行,,必須にすると記載の無い15.1%が落ちる
M0464,認知症の鑑別診断,疾患治療,精神科・神経科領域,1,1,349,0.25%,84.9%,0,現行,,必須にすると記載の無い15.1%が落ちる
M0465,ハイリスク妊産婦連携指導,疾患治療,産科領域,1,1,339,0.25%,84.9%,0,現行,,必須にすると記載の無い15.1%が落ちる
M0466,気管切開,疾患治療,呼吸器領域,1,1,339,0.25%,84.9%,0,現行,,必須にすると記載の無い15.1%が落ちる
M0467,体外衝撃波胆石破砕術,疾患治療,肝・胆道・膵臓領域,1,1,337,0.24%,84.9%,0,現行,,必須にすると記載の無い15.1%が落ちる
M0468,小児心身症,疾患治療,小児領域,1,1,337,0.24%,84.9%,0,現行,,必須にすると記載の無い15.1%が落ちる
M0469,角膜移植術,疾患治療,眼領域,1,1,337,0.24%,84.9%,0,現行,,必須にすると記載の無い15.1%が落ちる
M0470,不妊治療,疾患治療,産科領域,1,1,330,0.24%,84.9%,0,現行,,必須にすると記載の無い15.1%が落ちる
M0471,認知症患者リハビリテーション,疾患治療,リハビリ領域,1,1,325,0.24%,84.9%,0,現行,,必須にすると記載の無い15.1%が落ちる
M0472,学習障害（ＬＤ）,疾患治療,小児領域,1,1,315,0.23%,84.9%,0,現行,,必須にすると記載の無い15.1%が落ちる
M0473,境界性パーソナリティ障害,疾患治療,精神科・神経科領域,1,1,299,0.22%,84.9%,0,現行,,必須にすると記載の無い15.1%が落ちる
M0474,公益社団法人日本小児歯科学会小児歯科専門医による治療,疾患治療,小児歯科領域,0,0,293,0.21%,84.9%,1,現行,,歯科。医科の逆紹介では使わない
M0475,骨髄移植,疾患治療,血液・免疫系領域,1,1,279,0.20%,84.9%,0,現行,,必須にすると記載の無い15.1%が落ちる
M0476,糖尿病による大血管症スクリーニング,疾患治療,内分泌・代謝・栄養領域,1,1,276,0.20%,84.9%,0,現行,,必須にすると記載の無い15.1%が落ちる
M0477,糖尿病患者教育のうち管理栄養士による食事療法（入院）,疾患治療,内分泌・代謝・栄養領域,1,1,271,0.20%,84.9%,0,現行,,必須にすると記載の無い15.1%が落ちる
M0478,鼻炎のレーザー治療,疾患治療,耳鼻咽喉領域,1,1,263,0.19%,84.9%,0,現行,,必須にすると記載の無い15.1%が落ちる
M0479,卵管形成手術,疾患治療,産科領域,1,1,260,0.19%,84.9%,0,現行,,必須にすると記載の無い15.1%が落ちる
M0480,解離性同一性障害,疾患治療,精神科・神経科領域,1,1,255,0.18%,84.9%,0,現行,,必須にすると記載の無い15.1%が落ちる
M0481,顕微鏡下手術,疾患治療,歯科口腔外科領域,0,0,248,0.18%,84.9%,1,現行,,歯科。医科の逆紹介では使わない
M0482,乳腺炎の診療,疾患治療,産科領域,1,1,245,0.18%,84.9%,0,現行,,必須にすると記載の無い15.1%が落ちる
M0483,長期継続頭蓋内脳波検査,疾患治療,神経・脳血管領域,1,1,238,0.17%,84.9%,0,現行,,必須にすると記載の無い15.1%が落ちる
M0484,側弯症治療,疾患治療,筋・骨格系及び外傷領域,1,1,237,0.17%,84.9%,0,現行,,必須にすると記載の無い15.1%が落ちる
M0485,化学物質過敏症,疾患治療,血液・免疫系領域,1,1,234,0.17%,84.9%,0,現行,,必須にすると記載の無い15.1%が落ちる
M0486,糖尿病の教育入院,疾患治療,内分泌・代謝・栄養領域,1,1,234,0.17%,84.9%,0,現行,,必須にすると記載の無い15.1%が落ちる
M0487,自己血輸血,疾患治療,循環器系領域,1,1,233,0.17%,84.9%,0,現行,,必須にすると記載の無い15.1%が落ちる
M0488,頭部外傷（乳幼児）,疾患治療,神経・脳血管領域,1,1,228,0.17%,84.9%,0,現行,,必須にすると記載の無い15.1%が落ちる
M0489,卵管鏡下卵管形成術,疾患治療,産科領域,1,1,227,0.16%,84.9%,0,現行,,必須にすると記載の無い15.1%が落ちる
M0490,育児・母乳診療,疾患治療,産科領域,1,1,226,0.16%,84.9%,0,現行,,必須にすると記載の無い15.1%が落ちる
M0491,甲状腺疾患,疾患治療,内分泌・代謝・栄養領域,1,1,223,0.16%,84.9%,0,現行,,必須にすると記載の無い15.1%が落ちる
M0492,牽引療法（介達）,疾患治療,筋・骨格系及び外傷領域,1,1,222,0.16%,84.9%,0,現行,,必須にすると記載の無い15.1%が落ちる
M0493,臍帯血移植,疾患治療,血液・免疫系領域,1,1,213,0.15%,84.9%,0,現行,,必須にすると記載の無い15.1%が落ちる
M0494,結腸悪性腫瘍化学療法,疾患治療,消化器系領域,1,1,212,0.15%,84.9%,0,現行,,必須にすると記載の無い15.1%が落ちる
M0495,直腸悪性腫瘍化学療法,疾患治療,消化器系領域,1,1,210,0.15%,84.9%,0,現行,,必須にすると記載の無い15.1%が落ちる
M0496,精神科作業療法,疾患治療,精神科・神経科領域,1,1,210,0.15%,84.9%,0,現行,,必須にすると記載の無い15.1%が落ちる
M0497,顎補綴（顎顔面補綴）,疾患治療,歯科領域,0,0,198,0.14%,84.9%,1,現行,,歯科。医科の逆紹介では使わない
M0498,精神科ナイト・ケア,疾患治療,精神科・神経科領域,1,1,193,0.14%,84.9%,0,現行,,必須にすると記載の無い15.1%が落ちる
M0499,ドップラー法による心エコー検査,疾患治療,循環器系領域,1,1,192,0.14%,84.9%,0,現行,,必須にすると記載の無い15.1%が落ちる
M0500,プリックテスト,疾患治療,皮膚・形成外科領域,1,1,192,0.14%,84.9%,0,現行,,必須にすると記載の無い15.1%が落ちる
M0501,出産立会い,疾患治療,産科領域、婦人科領域,1,1,181,0.13%,84.9%,0,現行,,必須にすると記載の無い15.1%が落ちる
M0502,密封小線源照射,疾患治療,放射線治療領域,1,1,181,0.13%,84.9%,0,現行,,必須にすると記載の無い15.1%が落ちる
M0503,血管外科,疾患治療,循環器系領域,1,1,179,0.13%,84.9%,0,現行,専門外来、診療科目,必須にすると記載の無い15.1%が落ちる
M0504,うつ病等の気分障害に対する認知療法・認知行動療法（医療保険適用）,疾患治療,精神科・神経科領域,1,1,175,0.13%,84.9%,0,現行,,必須にすると記載の無い15.1%が落ちる
M0505,脳磁図,疾患治療,神経・脳血管領域,1,1,174,0.13%,84.9%,0,現行,,必須にすると記載の無い15.1%が落ちる
M0506,生体腎移植,疾患治療,腎・泌尿器系領域,1,1,172,0.12%,84.9%,0,現行,,必須にすると記載の無い15.1%が落ちる
M0507,男性不妊症,疾患治療,腎・泌尿器系領域,1,1,172,0.12%,84.9%,0,現行,,必須にすると記載の無い15.1%が落ちる
M0508,うつ病等の気分障害に対する認知療法・認知行動療法（自費）,疾患治療,精神科・神経科領域,1,1,167,0.12%,84.9%,0,現行,,必須にすると記載の無い15.1%が落ちる
M0509,在宅精神療法,疾患治療,精神科・神経科領域,1,1,161,0.12%,84.9%,0,現行,,必須にすると記載の無い15.1%が落ちる
M0510,蛍光眼底造影検査,疾患治療,眼領域,1,1,161,0.12%,84.9%,0,現行,,必須にすると記載の無い15.1%が落ちる
M0511,母児同室,疾患治療,産科領域,1,1,159,0.12%,84.9%,0,現行,,必須にすると記載の無い15.1%が落ちる
M0512,精神科訪問看護・指導,疾患治療,精神科・神経科領域,1,1,159,0.12%,84.9%,0,現行,在宅医療,必須にすると記載の無い15.1%が落ちる
M0513,障害児（者）への摂食嚥下機能訓練,疾患治療,歯科領域,0,0,159,0.12%,84.9%,1,現行,,歯科。医科の逆紹介では使わない
M0514,乳腺エコー,疾患治療,乳腺領域,1,1,158,0.11%,84.9%,0,現行,,必須にすると記載の無い15.1%が落ちる
M0515,小児歯科,疾患治療,歯科領域,0,0,156,0.11%,84.9%,1,現行,専門外来、診療科目,歯科。医科の逆紹介では使わない
M0516,静鎮麻酔,疾患治療,歯科領域,0,0,156,0.11%,84.9%,1,現行,,歯科。医科の逆紹介では使わない
M0517,結腸悪性腫瘍手術（○○件）,疾患治療,消化器系領域,0,0,155,0.11%,84.9%,0,現行,,ノイズ
M0518,直腸悪性腫瘍手術（○○件）,疾患治療,消化器系領域,0,0,154,0.11%,84.9%,0,現行,,ノイズ
M0519,入院患者の口腔ケア,疾患治療,歯科領域,0,0,153,0.11%,84.9%,1,現行,,歯科。医科の逆紹介では使わない
M0520,体外受精,疾患治療,産科領域,1,1,151,0.11%,84.9%,0,現行,,必須にすると記載の無い15.1%が落ちる
M0521,顔面外傷の治療（鼻骨骨折）（皮膚・形成外科領域）,疾患治療,皮膚・形成外科領域,1,1,151,0.11%,84.9%,0,現行,,必須にすると記載の無い15.1%が落ちる
M0522,小児膠原病,疾患治療,小児領域,1,1,148,0.11%,84.9%,0,現行,,必須にすると記載の無い15.1%が落ちる
M0523,性同一性障害,疾患治療,精神科・神経科領域,1,1,148,0.11%,84.9%,0,現行,専門外来,必須にすると記載の無い15.1%が落ちる
M0524,精神科訪問看護,疾患治療,精神科・神経科領域,1,1,145,0.11%,84.9%,0,現行,,必須にすると記載の無い15.1%が落ちる
M0525,頸椎手術,疾患治療,筋・骨格系及び外傷領域,1,1,145,0.11%,84.9%,0,現行,,必須にすると記載の無い15.1%が落ちる
M0526,（糖尿病性網膜症に対する）硝子体手術,疾患治療,眼領域,1,1,145,0.11%,84.9%,0,現行,,必須にすると記載の無い15.1%が落ちる
M0527,器具等による療法,疾患治療,リハビリ領域,1,1,143,0.10%,84.9%,0,現行,,必須にすると記載の無い15.1%が落ちる
M0528,虫垂切除術（乳幼児に係るものを除く）,疾患治療,消化器系領域,1,1,142,0.10%,84.9%,0,現行,,必須にすると記載の無い15.1%が落ちる
M0529,口腔顎顔面腫瘍手術療法,疾患治療,歯科口腔外科領域,0,0,138,0.10%,84.9%,1,現行,,歯科。医科の逆紹介では使わない
M0530,緩和ケアチーム,疾患治療,緩和ケア領域,1,1,138,0.10%,84.9%,0,現行,,必須にすると記載の無い15.1%が落ちる / 保有138件。表記ゆれの残骸でないか要確認
M0531,糖尿病患者教育のうち運動療法室での運動療法（外来）,疾患治療,内分泌・代謝・栄養領域,1,1,135,0.10%,84.9%,0,現行,,必須にすると記載の無い15.1%が落ちる / 保有135件。表記ゆれの残骸でないか要確認
M0532,ラジオ波焼灼療法（ＰＲＦＡ）,疾患治療,肝・胆道・膵臓領域,1,1,132,0.10%,84.9%,0,現行,,必須にすると記載の無い15.1%が落ちる / 保有132件。表記ゆれの残骸でないか要確認
M0533,口腔顎顔面外傷整復手術,疾患治療,歯科口腔外科領域,0,0,131,0.09%,84.9%,1,現行,,歯科。医科の逆紹介では使わない
M0534,外傷,疾患治療,皮膚・形成外科領域,1,1,129,0.09%,84.9%,0,現行,,必須にすると記載の無い15.1%が落ちる / 保有129件。表記ゆれの残骸でないか要確認
M0535,成人の発達障害の確定診断,疾患治療,精神科・神経科領域,1,1,128,0.09%,84.9%,0,現行,,必須にすると記載の無い15.1%が落ちる / 保有128件。表記ゆれの残骸でないか要確認
M0536,口腔外科手術,疾患治療,歯科口腔外科領域,0,0,126,0.09%,84.9%,1,現行,,歯科。医科の逆紹介では使わない
M0537,温熱療法,疾患治療,リハビリ領域,1,1,126,0.09%,84.9%,0,現行,,必須にすると記載の無い15.1%が落ちる / 保有126件。表記ゆれの残骸でないか要確認
M0538,障害児（者）への歯科矯正治療（自由診療のみ）,疾患治療,矯正歯科領域,0,0,122,0.09%,84.9%,1,現行,,歯科。医科の逆紹介では使わない
M0539,障害児（者）への口腔外科的治療,疾患治療,歯科口腔外科領域,0,0,120,0.09%,84.9%,1,現行,,歯科。医科の逆紹介では使わない
M0540,認知行動療法,疾患治療,精神科・神経科領域,1,1,119,0.09%,84.9%,0,現行,,必須にすると記載の無い15.1%が落ちる / 保有119件。表記ゆれの残骸でないか要確認
M0541,産科病床（床）（○○床）,疾患治療,産科領域,0,0,117,0.08%,84.9%,0,現行,,ノイズ
M0542,光トポグラフィー,疾患治療,神経・脳血管領域,1,1,115,0.08%,84.9%,0,現行,,必須にすると記載の無い15.1%が落ちる / 保有115件。表記ゆれの残骸でないか要確認
M0543,硬膜外神経ブロック,疾患治療,神経・脳血管領域,1,1,113,0.08%,84.9%,0,現行,,必須にすると記載の無い15.1%が落ちる / 保有113件。表記ゆれの残骸でないか要確認
M0544,未成年者の発達障害の確定診断,疾患治療,精神科・神経科領域,1,1,112,0.08%,84.9%,0,現行,,必須にすると記載の無い15.1%が落ちる / 保有112件。表記ゆれの残骸でないか要確認
M0545,遺伝相談,疾患治療,産科領域,1,1,110,0.08%,84.9%,0,現行,,必須にすると記載の無い15.1%が落ちる / 保有110件。表記ゆれの残骸でないか要確認
M0546,顔面外傷の治療（顔面骨骨折）,疾患治療,皮膚・形成外科領域,1,1,110,0.08%,84.9%,0,現行,,必須にすると記載の無い15.1%が落ちる / 保有110件。表記ゆれの残骸でないか要確認
M0547,糖尿病患者教育のうち運動療法室での運動療法（入院）,疾患治療,内分泌・代謝・栄養領域,1,1,109,0.08%,84.9%,0,現行,,必須にすると記載の無い15.1%が落ちる / 保有109件。表記ゆれの残骸でないか要確認
M0548,高次脳機能障害,疾患治療,精神科・神経科領域,1,1,102,0.07%,84.9%,0,現行,,必須にすると記載の無い15.1%が落ちる / 保有102件。表記ゆれの残骸でないか要確認
M0549,社会生活訓練療法（ＳＳＴ）,疾患治療,精神科・神経科領域,1,1,96,0.07%,84.9%,0,現行,,必須にすると記載の無い15.1%が落ちる / 保有96件。表記ゆれの残骸でないか要確認
M0550,顔面外傷の治療（鼻骨骨折）（耳鼻咽喉領域）,疾患治療,耳鼻咽喉領域,1,1,94,0.07%,84.9%,0,現行,,必須にすると記載の無い15.1%が落ちる / 保有94件。表記ゆれの残骸でないか要確認
M0551,喘息検査（吸入誘発、運動誘発、改善率）,疾患治療,呼吸器領域,1,1,93,0.07%,84.9%,0,現行,,必須にすると記載の無い15.1%が落ちる / 保有93件。表記ゆれの残骸でないか要確認
M0552,乳腺炎の診療（手術あり）,疾患治療,乳腺領域,1,1,92,0.07%,84.9%,0,現行,,必須にすると記載の無い15.1%が落ちる / 保有92件。表記ゆれの残骸でないか要確認
M0553,病後児保育室,疾患治療,小児領域,1,1,91,0.07%,84.9%,0,現行,,必須にすると記載の無い15.1%が落ちる / 保有91件。表記ゆれの残骸でないか要確認
M0554,硬膜外麻酔による無痛分娩,疾患治療,産科領域,1,1,90,0.07%,84.9%,0,現行,,必須にすると記載の無い15.1%が落ちる / 保有90件。表記ゆれの残骸でないか要確認
M0555,理学療法,疾患治療,リハビリ領域,1,1,89,0.06%,84.9%,0,現行,,必須にすると記載の無い15.1%が落ちる / 保有89件。表記ゆれの残骸でないか要確認
M0556,心臓カテーテル法による血管内超音波検査,疾患治療,循環器系領域,1,1,87,0.06%,84.9%,0,現行,,必須にすると記載の無い15.1%が落ちる / 保有87件。表記ゆれの残骸でないか要確認
M0557,ｔ-ＰＡ実施数,疾患治療,神経・脳血管領域,1,1,85,0.06%,84.9%,0,現行,,必須にすると記載の無い15.1%が落ちる / 保有85件。表記ゆれの残骸でないか要確認
M0558,胸腔ドレナージ（脱気を含む）,疾患治療,呼吸器領域,1,1,83,0.06%,84.9%,0,現行,,必須にすると記載の無い15.1%が落ちる / 保有83件。表記ゆれの残骸でないか要確認
M0559,内視鏡的粘膜切除術（ＥＭＲ）,疾患治療,消化器系領域,1,1,81,0.06%,84.9%,0,現行,,必須にすると記載の無い15.1%が落ちる / 保有81件。表記ゆれの残骸でないか要確認
M0560,内視鏡的逆行性膵胆管造影術（ＥＲＣＰ）,疾患治療,肝・胆道・膵臓領域,1,1,81,0.06%,84.9%,0,現行,,必須にすると記載の無い15.1%が落ちる / 保有81件。表記ゆれの残骸でないか要確認
M0561,牽引療法（直達）,疾患治療,筋・骨格系及び外傷領域,1,1,81,0.06%,84.9%,0,現行,,必須にすると記載の無い15.1%が落ちる / 保有81件。表記ゆれの残骸でないか要確認
M0562,脳卒中学会が示すｔ-ＰＡ静注療法実施施設基準,疾患治療,神経・脳血管領域,1,1,81,0.06%,84.9%,0,現行,,必須にすると記載の無い15.1%が落ちる / 保有81件。表記ゆれの残骸でないか要確認
M0563,光干渉断層計（ＯＣＴ）検査,疾患治療,眼領域,1,1,79,0.06%,84.9%,0,現行,,必須にすると記載の無い15.1%が落ちる / 保有79件。表記ゆれの残骸でないか要確認
M0564,脳血管内手術のうち脳動脈瘤コイル塞栓術（○○件）,疾患治療,神経・脳血管領域,0,0,78,0.06%,84.9%,0,現行,,ノイズ
M0565,がん周術期の口腔機能管理,疾患治療,歯科領域,0,0,77,0.06%,84.9%,1,現行,,歯科。医科の逆紹介では使わない
M0566,術中照射,疾患治療,放射線治療領域,1,1,76,0.06%,84.9%,0,現行,,必須にすると記載の無い15.1%が落ちる / 保有76件。表記ゆれの残骸でないか要確認
M0567,肝悪性腫瘍ラジオ波焼灼療法,疾患治療,肝・胆道・膵臓領域,1,1,75,0.05%,84.9%,0,現行,,必須にすると記載の無い15.1%が落ちる / 保有75件。表記ゆれの残骸でないか要確認
M0568,網膜剥離手術（再掲）,疾患治療,眼領域,0,0,74,0.05%,84.9%,0,現行,,ノイズ
M0569,脳血管内手術のうち経皮的頸動脈ステント留置術（○○件）,疾患治療,神経・脳血管領域,0,0,74,0.05%,84.9%,0,現行,,ノイズ
M0570,肝動脈塞栓術,疾患治療,肝・胆道・膵臓領域,1,1,73,0.05%,84.9%,0,現行,,必須にすると記載の無い15.1%が落ちる / 保有73件。表記ゆれの残骸でないか要確認
M0571,ガンマナイフによる定位放射線治療,疾患治療,放射線治療領域,1,1,72,0.05%,84.9%,0,現行,,必須にすると記載の無い15.1%が落ちる / 保有72件。表記ゆれの残骸でないか要確認
M0572,身体合併症（内科・外科）,疾患治療,精神科・神経科領域,1,1,72,0.05%,84.9%,0,現行,,必須にすると記載の無い15.1%が落ちる / 保有72件。表記ゆれの残骸でないか要確認
M0573,内視鏡的直腸・結腸ポリープ切除術,疾患治療,消化器系領域,1,1,70,0.05%,84.9%,0,現行,,必須にすると記載の無い15.1%が落ちる / 保有70件。表記ゆれの残骸でないか要確認
M0574,経皮的脳血栓回収術（○○件）,疾患治療,神経・脳血管領域,0,0,70,0.05%,84.9%,0,現行,,ノイズ
M0575,精神科ショート・ケア小,疾患治療,精神科・神経科領域,1,1,69,0.05%,84.9%,0,現行,,必須にすると記載の無い15.1%が落ちる / 保有69件。表記ゆれの残骸でないか要確認
M0576,小児の歯科矯正治療,疾患治療,歯科領域,0,0,68,0.05%,84.9%,1,現行,,歯科。医科の逆紹介では使わない
M0577,スポーツマウスガード治療,疾患治療,歯科口腔外科領域,0,0,67,0.05%,84.9%,1,現行,,歯科。医科の逆紹介では使わない
M0578,経皮冠動脈ステント留置術,疾患治療,循環器系領域,1,1,66,0.05%,84.9%,0,現行,,必須にすると記載の無い15.1%が落ちる / 保有66件。表記ゆれの残骸でないか要確認
M0579,作業療法,疾患治療,リハビリ領域,1,1,65,0.05%,84.9%,0,現行,,必須にすると記載の無い15.1%が落ちる / 保有65件。表記ゆれの残骸でないか要確認
M0580,精神科デイ・ケア小,疾患治療,精神科・神経科領域,1,1,65,0.05%,84.9%,0,現行,,必須にすると記載の無い15.1%が落ちる / 保有65件。表記ゆれの残骸でないか要確認
M0581,顔面外傷の治療（軟部組織損傷）（耳鼻咽喉領域）,疾患治療,耳鼻咽喉領域,1,1,65,0.05%,84.9%,0,現行,,必須にすると記載の無い15.1%が落ちる / 保有65件。表記ゆれの残骸でないか要確認
M0582,口腔顎顔面悪性腫瘍手術療法,疾患治療,歯科口腔外科領域,0,0,64,0.05%,84.9%,1,現行,,歯科。医科の逆紹介では使わない
M0583,顎顔面再建療法,疾患治療,歯科口腔外科領域,0,0,64,0.05%,84.9%,1,現行,,歯科。医科の逆紹介では使わない
M0584,内視鏡的胆道砕石術,疾患治療,肝・胆道・膵臓領域,1,1,63,0.05%,84.9%,0,現行,,必須にすると記載の無い15.1%が落ちる / 保有63件。表記ゆれの残骸でないか要確認
M0585,いびきのレーザー治療,疾患治療,耳鼻咽喉領域,1,1,62,0.04%,84.9%,0,現行,,必須にすると記載の無い15.1%が落ちる / 保有62件。表記ゆれの残骸でないか要確認
M0586,内視鏡的胃・十二指腸ポリープ切除術,疾患治療,消化器系領域,1,1,62,0.04%,84.9%,0,現行,,必須にすると記載の無い15.1%が落ちる / 保有62件。表記ゆれの残骸でないか要確認
M0587,心臓カテーテル法による諸検査（終日対応することができるもの以外）,疾患治療,循環器系領域,1,1,62,0.04%,84.9%,0,現行,,必須にすると記載の無い15.1%が落ちる / 保有62件。表記ゆれの残骸でないか要確認
M0588,術中迅速病理検査,疾患治療,呼吸器領域,1,1,62,0.04%,84.9%,0,現行,,必須にすると記載の無い15.1%が落ちる / 保有62件。表記ゆれの残骸でないか要確認
M0589,生体肝移植,疾患治療,肝・胆道・膵臓領域,1,1,61,0.04%,84.9%,0,現行,,必須にすると記載の無い15.1%が落ちる / 保有61件。表記ゆれの残骸でないか要確認
M0590,近視矯正手術,疾患治療,眼領域,1,1,60,0.04%,84.9%,0,現行,,必須にすると記載の無い15.1%が落ちる / 保有60件。表記ゆれの残骸でないか要確認
M0591,脳梗塞のｔ－ＰＡを用いた経静脈的血栓溶解療法,疾患治療,神経・脳血管領域,1,1,58,0.04%,84.9%,0,現行,,必須にすると記載の無い15.1%が落ちる / 保有58件。表記ゆれの残骸でないか要確認
M0592,理学療法（Ｉ）,疾患治療,リハビリ領域,1,1,57,0.04%,84.9%,0,現行,,必須にすると記載の無い15.1%が落ちる / 保有57件。表記ゆれの残骸でないか要確認
M0593,筋・腱手術,疾患治療,筋・骨格系及び外傷領域,1,1,57,0.04%,84.9%,0,現行,,必須にすると記載の無い15.1%が落ちる / 保有57件。表記ゆれの残骸でないか要確認
M0594,末期腎不全に対する血液透析又は夜間透析又は腹膜透析（透析専門医の配置）,疾患治療,内分泌・代謝・栄養領域,1,1,56,0.04%,84.9%,0,現行,,必須にすると記載の無い15.1%が落ちる / 保有56件。表記ゆれの残骸でないか要確認
M0595,眼科手術,疾患治療,眼領域,1,1,56,0.04%,84.9%,0,現行,,必須にすると記載の無い15.1%が落ちる / 保有56件。表記ゆれの残骸でないか要確認
M0596,障害児（者）への歯科矯正治療（保険診療可）,疾患治療,矯正歯科領域,0,0,56,0.04%,84.9%,1,現行,,歯科。医科の逆紹介では使わない
M0597,星状神経節ブロック,疾患治療,神経・脳血管領域,1,1,54,0.04%,84.9%,0,現行,,必須にすると記載の無い15.1%が落ちる / 保有54件。表記ゆれの残骸でないか要確認
M0598,自動吻合器を用いた直腸粘膜脱又は内痔核手術（ＰＰＨ),疾患治療,消化器系領域,1,1,54,0.04%,84.9%,0,現行,,必須にすると記載の無い15.1%が落ちる / 保有54件。表記ゆれの残骸でないか要確認
M0599,ＶＦ（ビデオＸ線透視、嚥下造影）検査,疾患治療,歯科領域,0,0,53,0.04%,84.9%,1,現行,,歯科。医科の逆紹介では使わない
M0600,レーザー治療,疾患治療,皮膚・形成外科領域,1,1,50,0.04%,84.9%,0,現行,,必須にすると記載の無い15.1%が落ちる / 保有50件。表記ゆれの残骸でないか要確認
M0601,強度変調放射線治療（ＩＭＲＴ）,疾患治療,放射線治療領域,1,1,49,0.04%,84.9%,0,現行,,必須にすると記載の無い15.1%が落ちる / 保有49件。表記ゆれの残骸でないか要確認
M0602,精神科訪問看護施設(訪問看護ステーション),疾患治療,精神科・神経科領域,1,1,49,0.04%,84.9%,0,現行,,必須にすると記載の無い15.1%が落ちる / 保有49件。表記ゆれの残骸でないか要確認
M0603,骨折手術,疾患治療,筋・骨格系及び外傷領域,1,1,49,0.04%,84.9%,0,現行,,必須にすると記載の無い15.1%が落ちる / 保有49件。表記ゆれの残骸でないか要確認
M0604,内視鏡的乳頭部切開術（ＥＳＴ）,疾患治療,消化器系領域,1,1,48,0.03%,84.9%,0,現行,,必須にすると記載の無い15.1%が落ちる / 保有48件。表記ゆれの残骸でないか要確認
M0605,包茎手術,疾患治療,腎・泌尿器系領域,1,1,46,0.03%,84.9%,0,現行,,必須にすると記載の無い15.1%が落ちる / 保有46件。表記ゆれの残骸でないか要確認
M0606,頭蓋内血腫除去術（終日対応することができるもの以外）,疾患治療,神経・脳血管領域,1,1,46,0.03%,84.9%,0,現行,,必須にすると記載の無い15.1%が落ちる / 保有46件。表記ゆれの残骸でないか要確認
M0607,筋電図測定,疾患治療,神経・脳血管領域,1,1,44,0.03%,84.9%,0,現行,,必須にすると記載の無い15.1%が落ちる / 保有44件。表記ゆれの残骸でないか要確認
M0608,経カテーテル的動脈塞栓術（ＴＡＥ）,疾患治療,消化器系領域、肝・胆道・膵臓領域,1,1,44,0.03%,84.9%,0,現行,,必須にすると記載の無い15.1%が落ちる / 保有44件。表記ゆれの残骸でないか要確認
M0609,血液細胞核酸増幅同定検査,疾患治療,血液・免疫系領域,1,1,44,0.03%,84.9%,0,現行,,必須にすると記載の無い15.1%が落ちる / 保有44件。表記ゆれの残骸でないか要確認
M0610,子連れで出産できる産婦人科,疾患治療,産科領域,1,1,43,0.03%,84.9%,0,現行,,必須にすると記載の無い15.1%が落ちる / 保有43件。表記ゆれの残骸でないか要確認
M0611,虹彩光凝固術,疾患治療,眼領域,1,1,43,0.03%,84.9%,0,現行,,必須にすると記載の無い15.1%が落ちる / 保有43件。表記ゆれの残骸でないか要確認
M0612,末梢神経伝達速度検査,疾患治療,神経・脳血管領域,1,1,42,0.03%,84.9%,0,現行,,必須にすると記載の無い15.1%が落ちる / 保有42件。表記ゆれの残骸でないか要確認
M0613,がん患者医科歯科連携治療,疾患治療,歯科口腔外科領域,0,0,41,0.03%,84.9%,1,現行,,歯科。医科の逆紹介では使わない
M0614,ギャンブル依存症,疾患治療,精神科・神経科領域,1,1,41,0.03%,84.9%,0,現行,,必須にすると記載の無い15.1%が落ちる / 保有41件。表記ゆれの残骸でないか要確認
M0615,内視鏡的乳頭バルーン拡張術（ＥＰＢＤ）,疾患治療,消化器系領域,1,1,40,0.03%,84.9%,0,現行,,必須にすると記載の無い15.1%が落ちる / 保有40件。表記ゆれの残骸でないか要確認
M0616,口腔顎顔面腫瘍化学療法,疾患治療,歯科口腔外科領域,0,0,40,0.03%,84.9%,1,現行,,歯科。医科の逆紹介では使わない
M0617,後発白内障手術,疾患治療,眼領域,1,1,40,0.03%,84.9%,0,現行,,必須にすると記載の無い15.1%が落ちる / 保有40件。表記ゆれの残骸でないか要確認
M0618,脊髄造影検査,疾患治療,神経・脳血管領域,1,1,40,0.03%,84.9%,0,現行,,必須にすると記載の無い15.1%が落ちる / 保有40件。表記ゆれの残骸でないか要確認
M0619,臨床心理士による心理療法,疾患治療,精神科・神経科領域,1,1,40,0.03%,84.9%,0,現行,,必須にすると記載の無い15.1%が落ちる / 保有40件。表記ゆれの残骸でないか要確認
M0620,関節手術,疾患治療,筋・骨格系及び外傷領域,1,1,40,0.03%,84.9%,0,現行,,必須にすると記載の無い15.1%が落ちる / 保有40件。表記ゆれの残骸でないか要確認
M0621,霰粒腫摘出術,疾患治療,眼領域,1,1,40,0.03%,84.9%,0,現行,,必須にすると記載の無い15.1%が落ちる / 保有40件。表記ゆれの残骸でないか要確認
M0622,作業療法（Ｉ）,疾患治療,リハビリ領域,1,1,39,0.03%,84.9%,0,現行,,必須にすると記載の無い15.1%が落ちる / 保有39件。表記ゆれの残骸でないか要確認
M0623,内視鏡的食道静脈瘤結紮術（ＥＶＬ）,疾患治療,消化器系領域,1,1,39,0.03%,84.9%,0,現行,,必須にすると記載の無い15.1%が落ちる / 保有39件。表記ゆれの残骸でないか要確認
M0624,矯正歯科認定医による治療,疾患治療,歯科領域,0,0,38,0.03%,84.9%,1,現行,,歯科。医科の逆紹介では使わない
M0625,粒子線治療,疾患治療,放射線治療領域,1,1,38,0.03%,84.9%,0,現行,,必須にすると記載の無い15.1%が落ちる / 保有38件。表記ゆれの残骸でないか要確認
M0626,経皮経肝的エタノール注入術（ＰＥＩＴ）,疾患治療,肝・胆道・膵臓領域,1,1,38,0.03%,84.9%,0,現行,,必須にすると記載の無い15.1%が落ちる / 保有38件。表記ゆれの残骸でないか要確認
M0627,翼状片手術,疾患治療,眼領域,1,1,38,0.03%,84.9%,0,現行,,必須にすると記載の無い15.1%が落ちる / 保有38件。表記ゆれの残骸でないか要確認
M0628,血液吸着,疾患治療,腎・泌尿器系領域,1,1,38,0.03%,84.9%,0,現行,,必須にすると記載の無い15.1%が落ちる / 保有38件。表記ゆれの残骸でないか要確認
M0629,大動脈バルーンパンピング（ＩＡＢＰ）,疾患治療,循環器系領域,1,1,37,0.03%,84.9%,0,現行,,必須にすると記載の無い15.1%が落ちる / 保有37件。表記ゆれの残骸でないか要確認
M0630,痔核に対する手術（硬化療法結合糸術を含む）,疾患治療,消化器系領域,1,1,37,0.03%,84.9%,0,現行,,必須にすると記載の無い15.1%が落ちる / 保有37件。表記ゆれの残骸でないか要確認
M0631,食道静脈瘤手術,疾患治療,消化器系領域,1,1,37,0.03%,84.9%,0,現行,,必須にすると記載の無い15.1%が落ちる / 保有37件。表記ゆれの残骸でないか要確認
M0632,医療保護入院,疾患治療,精神科・神経科領域,1,1,36,0.03%,84.9%,0,現行,,必須にすると記載の無い15.1%が落ちる / 保有36件。表記ゆれの残骸でないか要確認
M0633,四肢血管手術,疾患治療,循環器系領域,1,1,36,0.03%,84.9%,0,現行,,必須にすると記載の無い15.1%が落ちる / 保有36件。表記ゆれの残骸でないか要確認
M0634,定位放射線治療,疾患治療,肝・胆道・膵臓領域,1,1,36,0.03%,84.9%,0,現行,,必須にすると記載の無い15.1%が落ちる / 保有36件。表記ゆれの残骸でないか要確認
M0635,糖尿病教育入院,疾患治療,内分泌・代謝・栄養領域,1,1,36,0.03%,84.9%,0,現行,,必須にすると記載の無い15.1%が落ちる / 保有36件。表記ゆれの残骸でないか要確認
M0636,血漿交換,疾患治療,腎・泌尿器系領域,1,1,36,0.03%,84.9%,0,現行,,必須にすると記載の無い15.1%が落ちる / 保有36件。表記ゆれの残骸でないか要確認
M0637,任意入院,疾患治療,精神科・神経科領域,1,1,35,0.03%,84.9%,0,現行,,必須にすると記載の無い15.1%が落ちる / 保有35件。表記ゆれの残骸でないか要確認
M0638,精神科患者搬送車,疾患治療,精神科・神経科領域,1,1,35,0.03%,84.9%,0,現行,,必須にすると記載の無い15.1%が落ちる / 保有35件。表記ゆれの残骸でないか要確認
M0639,腰麻伝達麻酔下で適応出来る骨折手術,疾患治療,整形外科領域,1,1,35,0.03%,84.9%,0,現行,,必須にすると記載の無い15.1%が落ちる / 保有35件。表記ゆれの残骸でないか要確認
M0640,シミなどの色素異常症,疾患治療,皮膚・形成外科領域,1,1,34,0.02%,84.9%,0,現行,,必須にすると記載の無い15.1%が落ちる / 保有34件。表記ゆれの残骸でないか要確認
M0641,脳血管造影検査,疾患治療,神経・脳血管領域,1,1,34,0.02%,84.9%,0,現行,,必須にすると記載の無い15.1%が落ちる / 保有34件。表記ゆれの残骸でないか要確認
M0642,言語聴覚療法,疾患治療,リハビリ領域,1,1,34,0.02%,84.9%,0,現行,,必須にすると記載の無い15.1%が落ちる / 保有34件。表記ゆれの残骸でないか要確認
M0643,内視鏡的食道静脈瘤硬化術,疾患治療,消化器系領域,1,1,33,0.02%,84.9%,0,現行,,必須にすると記載の無い15.1%が落ちる / 保有33件。表記ゆれの残骸でないか要確認
M0644,皮膚悪性腫瘍放射線療法,疾患治療,皮膚・形成外科領域,1,1,33,0.02%,84.9%,0,現行,,必須にすると記載の無い15.1%が落ちる / 保有33件。表記ゆれの残骸でないか要確認
M0645,血糖コントロール困難者へ各専門職種チームによる教育入院又は日帰り教育（常勤の糖尿病専門医の配置）,疾患治療,内分泌・代謝・栄養領域,1,1,33,0.02%,84.9%,0,現行,,必須にすると記載の無い15.1%が落ちる / 保有33件。表記ゆれの残骸でないか要確認
M0646,持続的血液濾過透析,疾患治療,腎・泌尿器系領域,1,1,32,0.02%,84.9%,0,現行,,必須にすると記載の無い15.1%が落ちる / 保有32件。表記ゆれの残骸でないか要確認
M0647,経皮的選択的脳血栓・塞栓溶解術（終日対応することができるもの以外）,疾患治療,神経・脳血管領域,1,1,32,0.02%,84.9%,0,現行,,必須にすると記載の無い15.1%が落ちる / 保有32件。表記ゆれの残骸でないか要確認
M0648,骨悪性腫瘍放射線療法,疾患治療,筋・骨格系及び外傷領域,1,1,32,0.02%,84.9%,0,現行,,必須にすると記載の無い15.1%が落ちる / 保有32件。表記ゆれの残骸でないか要確認
M0649,言語聴覚療法（Ｉ）,疾患治療,リハビリ領域,1,1,31,0.02%,84.9%,0,現行,,必須にすると記載の無い15.1%が落ちる / 保有31件。表記ゆれの残骸でないか要確認
M0650,心疾患リハビリテーション,疾患治療,循環器系領域,1,1,30,0.02%,84.9%,0,現行,,必須にすると記載の無い15.1%が落ちる / 保有30件。表記ゆれの残骸でないか要確認
M0651,硝子体内注射,疾患治療,眼領域,1,1,30,0.02%,84.9%,0,現行,,必須にすると記載の無い15.1%が落ちる / 保有30件。表記ゆれの残骸でないか要確認
M0652,耳鼻咽喉科手術,疾患治療,耳鼻咽喉領域,1,1,30,0.02%,84.9%,0,現行,,必須にすると記載の無い15.1%が落ちる / 保有30件。表記ゆれの残骸でないか要確認
M0653,経皮経肝的胆道砕石術（ＰＴＣＬ）,疾患治療,肝・胆道・膵臓領域,1,1,29,0.02%,84.9%,0,現行,,必須にすると記載の無い15.1%が落ちる / 保有29件。表記ゆれの残骸でないか要確認
M0654,軟部悪性腫瘍放射線療法,疾患治療,筋・骨格系及び外傷領域,1,1,29,0.02%,84.9%,0,現行,,必須にすると記載の無い15.1%が落ちる / 保有29件。表記ゆれの残骸でないか要確認
M0655,高次脳機能障害（診断）,疾患治療,神経・脳血管領域,1,1,29,0.02%,84.9%,0,現行,,必須にすると記載の無い15.1%が落ちる / 保有29件。表記ゆれの残骸でないか要確認
M0656,硬膜外自家血注入（ブラッドパッチ）,疾患治療,神経・脳血管領域,1,1,28,0.02%,84.9%,0,現行,,必須にすると記載の無い15.1%が落ちる / 保有28件。表記ゆれの残骸でないか要確認
M0657,脳動脈瘤根治術（被包術、クリッピング）（終日対応することができるもの以外）,疾患治療,神経・脳血管領域,1,1,28,0.02%,84.9%,0,現行,,必須にすると記載の無い15.1%が落ちる / 保有28件。表記ゆれの残骸でないか要確認
M0658,移植用部分小腸採取術（生体）,疾患治療,消化器系領域,1,1,26,0.02%,84.9%,0,現行,,必須にすると記載の無い15.1%が落ちる / 保有26件。表記ゆれの残骸でないか要確認
M0659,糖尿病昏睡等の急性合併症の治療,疾患治療,内分泌・代謝・栄養領域,1,1,26,0.02%,84.9%,0,現行,,必須にすると記載の無い15.1%が落ちる / 保有26件。表記ゆれの残骸でないか要確認
M0660,遠隔画像診断（依頼側）,疾患治療,画像診断,1,1,26,0.02%,84.9%,0,現行,,必須にすると記載の無い15.1%が落ちる / 保有26件。表記ゆれの残骸でないか要確認
M0661,内視鏡的乳頭切開術（ＥＳＴ）,疾患治療,消化器系領域,1,1,25,0.02%,84.9%,0,現行,,必須にすると記載の無い15.1%が落ちる / 保有25件。表記ゆれの残骸でないか要確認
M0662,動注化学療法,疾患治療,消化器系領域、肝・胆道・膵臓領域,1,1,25,0.02%,84.9%,0,現行,,必須にすると記載の無い15.1%が落ちる / 保有25件。表記ゆれの残骸でないか要確認
M0663,卵管形成術,疾患治療,産科領域,1,1,25,0.02%,84.9%,0,現行,,必須にすると記載の無い15.1%が落ちる / 保有25件。表記ゆれの残骸でないか要確認
M0664,強度変調放射線治療,疾患治療,肝・胆道・膵臓領域,1,1,25,0.02%,84.9%,0,現行,,必須にすると記載の無い15.1%が落ちる / 保有25件。表記ゆれの残骸でないか要確認
M0665,形成外科手術,疾患治療,皮膚・形成外科領域,1,1,25,0.02%,84.9%,0,現行,,必須にすると記載の無い15.1%が落ちる / 保有25件。表記ゆれの残骸でないか要確認
M0666,措置入院,疾患治療,精神科・神経科領域,1,1,25,0.02%,84.9%,0,現行,,必須にすると記載の無い15.1%が落ちる / 保有25件。表記ゆれの残骸でないか要確認
M0667,治療的角膜切除術,疾患治療,眼領域,1,1,25,0.02%,84.9%,0,現行,,必須にすると記載の無い15.1%が落ちる / 保有25件。表記ゆれの残骸でないか要確認
M0668,糖尿病性腎症（腎臓専門医の配置）,疾患治療,内分泌・代謝・栄養領域,1,1,25,0.02%,84.9%,0,現行,,必須にすると記載の無い15.1%が落ちる / 保有25件。表記ゆれの残骸でないか要確認
M0669,糖尿病足病変の管理,疾患治療,内分泌・代謝・栄養領域,1,1,25,0.02%,84.9%,0,現行,,必須にすると記載の無い15.1%が落ちる / 保有25件。表記ゆれの残骸でないか要確認
M0670,経皮的心筋焼灼術,疾患治療,循環器系領域,1,1,25,0.02%,84.9%,0,現行,,必須にすると記載の無い15.1%が落ちる / 保有25件。表記ゆれの残骸でないか要確認
M0671,鏡視下手術（膝）,疾患治療,整形外科領域,1,1,25,0.02%,84.9%,0,現行,,必須にすると記載の無い15.1%が落ちる / 保有25件。表記ゆれの残骸でないか要確認
M0672,椎弓切除術,疾患治療,整形外科領域,1,1,24,0.02%,84.9%,0,現行,,必須にすると記載の無い15.1%が落ちる / 保有24件。表記ゆれの残骸でないか要確認
M0673,経皮的冠動脈形成術（アテレクトミーカテーテル）,疾患治療,循環器系領域,1,1,24,0.02%,84.9%,0,現行,,必須にすると記載の無い15.1%が落ちる / 保有24件。表記ゆれの残骸でないか要確認
M0674,上記（産科病床）には婦人科その他診療科の病床と区分できない病床を含む,疾患治療,産科領域,0,0,23,0.02%,84.9%,0,現行,,ノイズ
M0675,内視鏡的食道、胃静脈瘤硬化法術,疾患治療,消化器系領域,1,1,23,0.02%,84.9%,0,現行,,必須にすると記載の無い15.1%が落ちる / 保有23件。表記ゆれの残骸でないか要確認
M0676,涙管チューブ挿入術,疾患治療,眼領域,1,1,23,0.02%,84.9%,0,現行,,必須にすると記載の無い15.1%が落ちる / 保有23件。表記ゆれの残骸でないか要確認
M0677,移植用小腸採取術（死体）,疾患治療,消化器系領域,1,1,23,0.02%,84.9%,0,現行,,必須にすると記載の無い15.1%が落ちる / 保有23件。表記ゆれの残骸でないか要確認
M0678,t-PAの処方,疾患治療,神経・脳血管領域,1,1,22,0.02%,84.9%,0,現行,,必須にすると記載の無い15.1%が落ちる / 保有22件。表記ゆれの残骸でないか要確認
M0679,経皮的心肺補助（ＰＣＰＳ）,疾患治療,循環器系領域,1,1,22,0.02%,84.9%,0,現行,,必須にすると記載の無い15.1%が落ちる / 保有22件。表記ゆれの残骸でないか要確認
M0680,集団コミュニケーション,疾患治療,リハビリ領域,1,1,22,0.02%,84.9%,0,現行,,必須にすると記載の無い15.1%が落ちる / 保有22件。表記ゆれの残骸でないか要確認
M0681,レーザー鼻腔粘膜焼灼術,疾患治療,耳鼻咽喉領域,1,1,21,0.02%,84.9%,0,現行,,必須にすると記載の無い15.1%が落ちる / 保有21件。表記ゆれの残骸でないか要確認
M0682,同種死体小腸移植術,疾患治療,消化器系領域,1,1,21,0.02%,84.9%,0,現行,,必須にすると記載の無い15.1%が落ちる / 保有21件。表記ゆれの残骸でないか要確認
M0683,外眼筋注射（ボツリヌス毒素によるもの）,疾患治療,眼領域,1,1,21,0.02%,84.9%,0,現行,,必須にすると記載の無い15.1%が落ちる / 保有21件。表記ゆれの残骸でないか要確認
M0684,持続緩徐式血液濾過透析,疾患治療,腎・泌尿器系領域,1,1,21,0.02%,84.9%,0,現行,,必須にすると記載の無い15.1%が落ちる / 保有21件。表記ゆれの残骸でないか要確認
M0685,経尿道的前立腺肥大症手術,疾患治療,腎・泌尿器系領域,1,1,21,0.02%,84.9%,0,現行,,必須にすると記載の無い15.1%が落ちる / 保有21件。表記ゆれの残骸でないか要確認
M0686,臓器提供,疾患治療,その他,1,1,21,0.02%,84.9%,0,現行,,必須にすると記載の無い15.1%が落ちる / 保有21件。表記ゆれの残骸でないか要確認
M0687,血管腫,疾患治療,皮膚・形成外科領域,1,1,21,0.02%,84.9%,0,現行,,必須にすると記載の無い15.1%が落ちる / 保有21件。表記ゆれの残骸でないか要確認
M0688,１型糖尿病に対する持続皮下インスリン注入療法（ＣＳＩＩ）の管理,疾患治療,内分泌・代謝・栄養領域,1,1,21,0.02%,84.9%,0,現行,,必須にすると記載の無い15.1%が落ちる / 保有21件。表記ゆれの残骸でないか要確認
M0689,人工内耳,疾患治療,耳鼻咽喉領域,1,1,20,0.01%,84.9%,0,現行,,必須にすると記載の無い15.1%が落ちる / 保有20件。表記ゆれの残骸でないか要確認
M0690,人工授精,疾患治療,産科領域,1,1,20,0.01%,84.9%,0,現行,,必須にすると記載の無い15.1%が落ちる / 保有20件。表記ゆれの残骸でないか要確認
M0691,死亡時画像診断（ＡＩ：オートプシー・イメージング）,疾患治療,画像診断,1,1,20,0.01%,84.9%,0,現行,,必須にすると記載の無い15.1%が落ちる / 保有20件。表記ゆれの残骸でないか要確認
M0692,母乳指導,疾患治療,小児領域,1,1,19,0.01%,84.9%,0,現行,,必須にすると記載の無い15.1%が落ちる / 保有19件。表記ゆれの残骸でないか要確認
M0693,気管・気管支ステント留置術,疾患治療,呼吸器領域,1,1,19,0.01%,84.9%,0,現行,,必須にすると記載の無い15.1%が落ちる / 保有19件。表記ゆれの残骸でないか要確認
M0694,理学療法（ＩＩ）,疾患治療,リハビリ領域,1,1,19,0.01%,84.9%,0,現行,,必須にすると記載の無い15.1%が落ちる / 保有19件。表記ゆれの残骸でないか要確認
M0695,生体部分小腸移植術,疾患治療,消化器系領域,1,1,19,0.01%,84.9%,0,現行,,必須にすると記載の無い15.1%が落ちる / 保有19件。表記ゆれの残骸でないか要確認
M0696,人工関節置換術（肘）,疾患治療,整形外科領域,1,1,18,0.01%,84.9%,0,現行,,必須にすると記載の無い15.1%が落ちる / 保有18件。表記ゆれの残骸でないか要確認
M0697,内視鏡的胆道拡張術,疾患治療,肝・胆道・膵臓領域,1,1,18,0.01%,84.9%,0,現行,,必須にすると記載の無い15.1%が落ちる / 保有18件。表記ゆれの残骸でないか要確認
M0698,尿水力学的検査,疾患治療,腎・泌尿器系領域,1,1,18,0.01%,84.9%,0,現行,,必須にすると記載の無い15.1%が落ちる / 保有18件。表記ゆれの残骸でないか要確認
M0699,人工関節置換術（肩）,疾患治療,整形外科領域,1,1,17,0.01%,84.9%,0,現行,,必須にすると記載の無い15.1%が落ちる / 保有17件。表記ゆれの残骸でないか要確認
M0700,応急入院,疾患治療,精神科・神経科領域,1,1,17,0.01%,84.9%,0,現行,,必須にすると記載の無い15.1%が落ちる / 保有17件。表記ゆれの残骸でないか要確認
M0701,経皮的四肢血管拡張術（ＰＴＡ）,疾患治療,循環器系領域,1,1,17,0.01%,84.9%,0,現行,,必須にすると記載の無い15.1%が落ちる / 保有17件。表記ゆれの残骸でないか要確認
M0702,腋臭症,疾患治療,皮膚・形成外科領域,1,1,17,0.01%,84.9%,0,現行,,必須にすると記載の無い15.1%が落ちる / 保有17件。表記ゆれの残骸でないか要確認
M0703,骨盤手術,疾患治療,筋・骨格系及び外傷領域,1,1,17,0.01%,84.9%,0,現行,,必須にすると記載の無い15.1%が落ちる / 保有17件。表記ゆれの残骸でないか要確認
M0704,乳房温存治療（手術）,疾患治療,乳腺領域,1,1,16,0.01%,84.9%,0,現行,,必須にすると記載の無い15.1%が落ちる / 保有16件。表記ゆれの残骸でないか要確認
M0705,吸着式血液浄化療法,疾患治療,腎・泌尿器系領域,1,1,16,0.01%,84.9%,0,現行,,必須にすると記載の無い15.1%が落ちる / 保有16件。表記ゆれの残骸でないか要確認
M0706,小児科病床,疾患治療,小児領域,1,1,16,0.01%,84.9%,0,現行,,必須にすると記載の無い15.1%が落ちる / 保有16件。表記ゆれの残骸でないか要確認
M0707,乳房温存治療,疾患治療,乳腺領域,1,1,15,0.01%,84.9%,0,現行,,必須にすると記載の無い15.1%が落ちる / 保有15件。表記ゆれの残骸でないか要確認
M0708,乳房温存治療（化学）,疾患治療,乳腺領域,1,1,15,0.01%,84.9%,0,現行,,必須にすると記載の無い15.1%が落ちる / 保有15件。表記ゆれの残骸でないか要確認
M0709,前十字靭帯断裂形成術,疾患治療,整形外科領域,1,1,15,0.01%,84.9%,0,現行,,必須にすると記載の無い15.1%が落ちる / 保有15件。表記ゆれの残骸でないか要確認
M0710,水頭症手術（成人）,疾患治療,神経・脳血管領域,1,1,15,0.01%,84.9%,0,現行,,必須にすると記載の無い15.1%が落ちる / 保有15件。表記ゆれの残骸でないか要確認
M0711,眼瞼の変形,疾患治療,皮膚・形成外科領域,1,1,15,0.01%,84.9%,0,現行,,必須にすると記載の無い15.1%が落ちる / 保有15件。表記ゆれの残骸でないか要確認
M0712,筋・末梢神経生検,疾患治療,神経・脳血管領域,1,1,15,0.01%,84.9%,0,現行,,必須にすると記載の無い15.1%が落ちる / 保有15件。表記ゆれの残骸でないか要確認
M0713,経皮的冠動脈血栓切除術,疾患治療,循環器系領域,1,1,15,0.01%,84.9%,0,現行,,必須にすると記載の無い15.1%が落ちる / 保有15件。表記ゆれの残骸でないか要確認
M0714,脳脊髄液減少症の治療,疾患治療,神経・脳血管領域、その他,1,1,15,0.01%,84.9%,0,現行,,必須にすると記載の無い15.1%が落ちる / 保有15件。表記ゆれの残骸でないか要確認
M0715,脳血管疾患等リハビリテーション（急性期）,疾患治療,リハビリ領域,1,1,15,0.01%,84.9%,0,現行,,必須にすると記載の無い15.1%が落ちる / 保有15件。表記ゆれの残骸でないか要確認
M0716,複雑な心理検査,疾患治療,精神科・神経科領域,1,1,15,0.01%,84.9%,0,現行,,必須にすると記載の無い15.1%が落ちる / 保有15件。表記ゆれの残骸でないか要確認
M0717,認知症疾患デイ・ケア,疾患治療,精神科・神経科領域,1,1,15,0.01%,84.9%,0,現行,,必須にすると記載の無い15.1%が落ちる / 保有15件。表記ゆれの残骸でないか要確認
M0718,鼻茸摘出術,疾患治療,耳鼻咽喉領域,1,1,15,0.01%,84.9%,0,現行,,必須にすると記載の無い15.1%が落ちる / 保有15件。表記ゆれの残骸でないか要確認
M0719,人工関節置換術（指）,疾患治療,整形外科領域,1,1,14,0.01%,84.9%,0,現行,,必須にすると記載の無い15.1%が落ちる / 保有14件。表記ゆれの残骸でないか要確認
M0720,口腔顎顔面悪性腫瘍化学療法,疾患治療,歯科口腔外科領域,0,0,14,0.01%,84.9%,1,現行,,歯科。医科の逆紹介では使わない
M0721,口腔顎顔面悪性腫瘍放射線療法,疾患治療,歯科口腔外科領域,0,0,14,0.01%,84.9%,1,現行,,歯科。医科の逆紹介では使わない
M0722,開胸手術,疾患治療,呼吸器領域,1,1,14,0.01%,84.9%,0,現行,,必須にすると記載の無い15.1%が落ちる / 保有14件。表記ゆれの残骸でないか要確認
M0723,鼓膜穿孔閉鎖術,疾患治療,耳鼻咽喉領域,1,1,14,0.01%,84.9%,0,現行,,必須にすると記載の無い15.1%が落ちる / 保有14件。表記ゆれの残骸でないか要確認
M0724,成人食物アレルギー負荷検査,疾患治療,血液・免疫系領域,1,1,13,0.01%,84.9%,0,現行,,必須にすると記載の無い15.1%が落ちる / 保有13件。表記ゆれの残骸でないか要確認
M0725,光トポグラフィー検査を用いたうつ症状の鑑別診断補助,疾患治療,精神科・神経科領域,1,1,12,0.01%,84.9%,0,現行,,必須にすると記載の無い15.1%が落ちる / 保有12件。表記ゆれの残骸でないか要確認
M0726,埋込型除細動器移植術,疾患治療,循環器系領域,1,1,12,0.01%,84.9%,0,現行,,必須にすると記載の無い15.1%が落ちる / 保有12件。表記ゆれの残骸でないか要確認
M0727,性別不合に関する診療・相談,疾患治療,その他,1,1,12,0.01%,84.9%,0,現行,,必須にすると記載の無い15.1%が落ちる / 保有12件。表記ゆれの残骸でないか要確認
M0728,精神科訪問看護指導,疾患治療,精神科・神経科領域,1,1,12,0.01%,84.9%,0,現行,,必須にすると記載の無い15.1%が落ちる / 保有12件。表記ゆれの残骸でないか要確認
M0729,経皮経管冠状動脈血管形成術,疾患治療,循環器系領域,1,1,12,0.01%,84.9%,0,現行,,必須にすると記載の無い15.1%が落ちる / 保有12件。表記ゆれの残骸でないか要確認
M0730,鏡視下手術（肩）,疾患治療,整形外科領域,1,1,12,0.01%,84.9%,0,現行,,必須にすると記載の無い15.1%が落ちる / 保有12件。表記ゆれの残骸でないか要確認
M0731,リンパ浮腫複合的治療,疾患治療,リハビリ領域,1,1,11,0.01%,84.9%,0,現行,,必須にすると記載の無い15.1%が落ちる / 保有11件。表記ゆれの残骸でないか要確認
M0732,乳房温存治療化学療法,疾患治療,乳腺領域,1,1,11,0.01%,84.9%,0,現行,,必須にすると記載の無い15.1%が落ちる / 保有11件。表記ゆれの残骸でないか要確認
M0733,水頭症手術,疾患治療,神経・脳血管領域,1,1,11,0.01%,84.9%,0,現行,,必須にすると記載の無い15.1%が落ちる / 保有11件。表記ゆれの残骸でないか要確認
M0734,経皮的ラジオ波焼灼療法,疾患治療,消化器系領域,1,1,11,0.01%,84.9%,0,現行,,必須にすると記載の無い15.1%が落ちる / 保有11件。表記ゆれの残骸でないか要確認
M0735,血漿交換療法,疾患治療,腎・泌尿器系領域,1,1,11,0.01%,84.9%,0,現行,,必須にすると記載の無い15.1%が落ちる / 保有11件。表記ゆれの残骸でないか要確認
M0736,ラジオ波焼灼療法（ＲＦＡ）,疾患治療,肝・胆道・膵臓領域,1,1,10,0.01%,84.9%,0,現行,,必須にすると記載の無い15.1%が落ちる / 保有10件。表記ゆれの残骸でないか要確認
M0737,先天性心疾患手術,疾患治療,循環器系領域,1,1,10,0.01%,84.9%,0,現行,,必須にすると記載の無い15.1%が落ちる / 保有10件。表記ゆれの残骸でないか要確認
M0738,心大血管疾患リハビリテーション（急性期）,疾患治療,リハビリ領域,1,1,10,0.01%,84.9%,0,現行,,必須にすると記載の無い15.1%が落ちる / 保有10件。表記ゆれの残骸でないか要確認
M0739,脊髄刺激装置植込術,疾患治療,神経・脳血管領域,1,1,10,0.01%,84.9%,0,現行,,必須にすると記載の無い15.1%が落ちる / 保有10件。表記ゆれの残骸でないか要確認
M0740,脳刺激装置植込術,疾患治療,神経・脳血管領域,1,1,10,0.01%,84.9%,0,現行,,必須にすると記載の無い15.1%が落ちる / 保有10件。表記ゆれの残骸でないか要確認
M0741,脳脊髄液減少症,疾患治療,神経・脳血管領域,1,1,10,0.01%,84.9%,0,現行,,必須にすると記載の無い15.1%が落ちる / 保有10件。表記ゆれの残骸でないか要確認
M0742,重度熱傷瘢痕,疾患治療,皮膚・形成外科領域,1,1,10,0.01%,84.9%,0,現行,,必須にすると記載の無い15.1%が落ちる / 保有10件。表記ゆれの残骸でないか要確認
M0743,鏡視下手術（手）,疾患治療,整形外科領域,1,1,10,0.01%,84.9%,0,現行,,必須にすると記載の無い15.1%が落ちる / 保有10件。表記ゆれの残骸でないか要確認
M0744,乳房温存治療手術療法,疾患治療,乳腺領域,1,1,9,0.01%,84.9%,0,現行,,必須にすると記載の無い15.1%が落ちる / 保有9件。表記ゆれの残骸でないか要確認
M0745,理学療法（ＩＩＩ）,疾患治療,リハビリ領域,1,1,9,0.01%,84.9%,0,現行,,必須にすると記載の無い15.1%が落ちる / 保有9件。表記ゆれの残骸でないか要確認
M0746,頭蓋内電極植込術,疾患治療,神経・脳血管領域,1,1,9,0.01%,84.9%,0,現行,,必須にすると記載の無い15.1%が落ちる / 保有9件。表記ゆれの残骸でないか要確認
M0747,先天異常,疾患治療,皮膚・形成外科領域,1,1,8,0.01%,84.9%,0,現行,,必須にすると記載の無い15.1%が落ちる / 保有8件。表記ゆれの残骸でないか要確認
M0748,経皮的動脈形成術,疾患治療,循環器系領域,1,1,8,0.01%,84.9%,0,現行,,必須にすると記載の無い15.1%が落ちる / 保有8件。表記ゆれの残骸でないか要確認
M0749,自閉症児療育施設,疾患治療,精神科・神経科領域,1,1,8,0.01%,84.9%,0,現行,,必須にすると記載の無い15.1%が落ちる / 保有8件。表記ゆれの残骸でないか要確認
M0750,補助人工心臓,疾患治療,循環器系領域,1,1,8,0.01%,84.9%,0,現行,,必須にすると記載の無い15.1%が落ちる / 保有8件。表記ゆれの残骸でないか要確認
M0751,言語療法,疾患治療,リハビリ領域,1,1,8,0.01%,84.9%,0,現行,,必須にすると記載の無い15.1%が落ちる / 保有8件。表記ゆれの残骸でないか要確認
M0752,骨延長術,疾患治療,整形外科領域,1,1,8,0.01%,84.9%,0,現行,,必須にすると記載の無い15.1%が落ちる / 保有8件。表記ゆれの残骸でないか要確認
M0753,内分泌悪性腫瘍治療化学療法,疾患治療,内分泌・代謝・栄養領域,1,1,7,0.01%,84.9%,0,現行,,必須にすると記載の無い15.1%が落ちる / 保有7件。表記ゆれの残骸でないか要確認
M0754,内分泌悪性腫瘍治療（化学）,疾患治療,内分泌・代謝・栄養領域,1,1,7,0.01%,84.9%,0,現行,,必須にすると記載の無い15.1%が落ちる / 保有7件。表記ゆれの残骸でないか要確認
M0755,成人の硬膜外自家血注入療法,疾患治療,神経・脳血管領域,1,1,7,0.01%,84.9%,0,現行,,必須にすると記載の無い15.1%が落ちる / 保有7件。表記ゆれの残骸でないか要確認
M0756,糖尿病網膜症に対する網膜光凝固術（網膜剥離術）又は硝子体手術,疾患治療,内分泌・代謝・栄養領域,1,1,7,0.01%,84.9%,0,現行,,必須にすると記載の無い15.1%が落ちる / 保有7件。表記ゆれの残骸でないか要確認
M0757,美容形成,疾患治療,皮膚・形成外科領域,1,1,7,0.01%,84.9%,0,現行,,必須にすると記載の無い15.1%が落ちる / 保有7件。表記ゆれの残骸でないか要確認
M0758,脳脊髄液減少症の治療のうち、硬膜外自家血注入（ブラッドパッチ療法）,疾患治療,神経・脳血管領域,1,1,7,0.01%,84.9%,0,現行,,必須にすると記載の無い15.1%が落ちる / 保有7件。表記ゆれの残骸でないか要確認
M0759,脳脊髄液減少症の診療,疾患治療,神経・脳血管領域,1,1,7,0.01%,84.9%,0,現行,,必須にすると記載の無い15.1%が落ちる / 保有7件。表記ゆれの残骸でないか要確認
M0760,言語聴覚療法（ＩＩ）,疾患治療,リハビリ領域,1,1,7,0.01%,84.9%,0,現行,,必須にすると記載の無い15.1%が落ちる / 保有7件。表記ゆれの残骸でないか要確認
M0761,乳房温存治療放射線療法,疾患治療,乳腺領域,1,1,6,0.00%,84.9%,0,現行,,必須にすると記載の無い15.1%が落ちる / 保有6件。表記ゆれの残骸でないか要確認
M0762,人工膵臓,疾患治療,肝・胆道・膵臓領域,1,1,6,0.00%,84.9%,0,現行,,必須にすると記載の無い15.1%が落ちる / 保有6件。表記ゆれの残骸でないか要確認
M0763,仮入院,疾患治療,精神科・神経科領域,1,1,6,0.00%,84.9%,0,現行,,必須にすると記載の無い15.1%が落ちる / 保有6件。表記ゆれの残骸でないか要確認
M0764,作業療法（ＩＩ）,疾患治療,リハビリ領域,1,1,6,0.00%,84.9%,0,現行,,必須にすると記載の無い15.1%が落ちる / 保有6件。表記ゆれの残骸でないか要確認
M0765,内分泌悪性腫瘍治療（手術）,疾患治療,内分泌・代謝・栄養領域,1,1,6,0.00%,84.9%,0,現行,,必須にすると記載の無い15.1%が落ちる / 保有6件。表記ゆれの残骸でないか要確認
M0766,内反足手術,疾患治療,整形外科領域,1,1,6,0.00%,84.9%,0,現行,,必須にすると記載の無い15.1%が落ちる / 保有6件。表記ゆれの残骸でないか要確認
M0767,切断四肢再接合術,疾患治療,整形外科領域,1,1,6,0.00%,84.9%,0,現行,,必須にすると記載の無い15.1%が落ちる / 保有6件。表記ゆれの残骸でないか要確認
M0768,硬膜外自家血注入療法（ブラッドパッチ療法）,疾患治療,神経・脳血管領域,1,1,6,0.00%,84.9%,0,現行,,必須にすると記載の無い15.1%が落ちる / 保有6件。表記ゆれの残骸でないか要確認
M0769,精神科デイ・ケア大,疾患治療,精神科・神経科領域,1,1,6,0.00%,84.9%,0,現行,,必須にすると記載の無い15.1%が落ちる / 保有6件。表記ゆれの残骸でないか要確認
M0770,APCによる鼻腔粘膜焼灼術,疾患治療,耳鼻咽喉領域,1,1,5,0.00%,84.9%,0,現行,,必須にすると記載の無い15.1%が落ちる / 保有5件。表記ゆれの残骸でないか要確認
M0771,カプセル内視鏡検査,疾患治療,消化器系領域,1,1,5,0.00%,84.9%,0,現行,,必須にすると記載の無い15.1%が落ちる / 保有5件。表記ゆれの残骸でないか要確認
M0772,人工肩関節置換術（関節手術）,疾患治療,筋・骨格系及び外傷領域,1,1,5,0.00%,84.9%,0,現行,,必須にすると記載の無い15.1%が落ちる / 保有5件。表記ゆれの残骸でないか要確認
M0773,大脳誘発反応,疾患治療,精神科・神経科領域,1,1,5,0.00%,84.9%,0,現行,,必須にすると記載の無い15.1%が落ちる / 保有5件。表記ゆれの残骸でないか要確認
M0774,小児科病棟,疾患治療,小児領域,1,1,5,0.00%,84.9%,0,現行,,必須にすると記載の無い15.1%が落ちる / 保有5件。表記ゆれの残骸でないか要確認
M0775,経皮的椎体形成術,疾患治療,筋・骨格系及び外傷領域,1,1,5,0.00%,84.9%,0,現行,,必須にすると記載の無い15.1%が落ちる / 保有5件。表記ゆれの残骸でないか要確認
M0776,網膜復位術,疾患治療,眼領域,1,1,5,0.00%,84.9%,0,現行,,必須にすると記載の無い15.1%が落ちる / 保有5件。表記ゆれの残骸でないか要確認
M0777,老人性認知症疾患センター,疾患治療,精神科・神経科領域,1,1,5,0.00%,84.9%,0,現行,,必須にすると記載の無い15.1%が落ちる / 保有5件。表記ゆれの残骸でないか要確認
M0778,膀胱癌治療（放射線）,疾患治療,腎・泌尿器系領域,1,1,5,0.00%,84.9%,0,現行,,必須にすると記載の無い15.1%が落ちる / 保有5件。表記ゆれの残骸でないか要確認
M0779,乳房温存治療（放射線）,疾患治療,乳腺領域,1,1,4,0.00%,84.9%,0,現行,,必須にすると記載の無い15.1%が落ちる / 保有4件。表記ゆれの残骸でないか要確認
M0780,先天性股関節脱臼観血式整復術,疾患治療,整形外科領域,1,1,4,0.00%,84.9%,0,現行,,必須にすると記載の無い15.1%が落ちる / 保有4件。表記ゆれの残骸でないか要確認
M0781,内分泌悪性腫瘍治療手術療法,疾患治療,内分泌・代謝・栄養領域,1,1,4,0.00%,84.9%,0,現行,,必須にすると記載の無い15.1%が落ちる / 保有4件。表記ゆれの残骸でないか要確認
M0782,大動脈瘤切除,疾患治療,循環器系領域,1,1,4,0.00%,84.9%,0,現行,,必須にすると記載の無い15.1%が落ちる / 保有4件。表記ゆれの残骸でないか要確認
M0783,末梢血の幹細胞移植,疾患治療,血液・免疫系領域,1,1,4,0.00%,84.9%,0,現行,,必須にすると記載の無い15.1%が落ちる / 保有4件。表記ゆれの残骸でないか要確認
M0784,胆道胆嚢癌治療（放射線）,疾患治療,肝・胆道・膵臓領域,1,1,4,0.00%,84.9%,0,現行,,必須にすると記載の無い15.1%が落ちる / 保有4件。表記ゆれの残骸でないか要確認
M0785,脊椎刺激装置埋込術,疾患治療,筋・骨格系及び外傷領域,1,1,4,0.00%,84.9%,0,現行,,必須にすると記載の無い15.1%が落ちる / 保有4件。表記ゆれの残骸でないか要確認
M0786,血管柄付骨移植術,疾患治療,整形外科領域,1,1,4,0.00%,84.9%,0,現行,,必須にすると記載の無い15.1%が落ちる / 保有4件。表記ゆれの残骸でないか要確認
M0787,認知症療養,疾患治療,精神科・神経科領域,1,1,4,0.00%,84.9%,0,現行,,必須にすると記載の無い15.1%が落ちる / 保有4件。表記ゆれの残骸でないか要確認
M0788,乳房再建術,疾患治療,乳腺領域,1,1,3,0.00%,84.9%,0,現行,,必須にすると記載の無い15.1%が落ちる / 保有3件。表記ゆれの残骸でないか要確認
M0789,内分泌悪性腫瘍治療放射線療法,疾患治療,内分泌・代謝・栄養領域,1,1,3,0.00%,84.9%,0,現行,,必須にすると記載の無い15.1%が落ちる / 保有3件。表記ゆれの残骸でないか要確認
M0790,前立腺温熱療法,疾患治療,腎・泌尿器系領域,1,1,3,0.00%,84.9%,0,現行,,必須にすると記載の無い15.1%が落ちる / 保有3件。表記ゆれの残骸でないか要確認
M0791,心(臓器移植・人工臓器),疾患治療,循環器系領域,1,1,3,0.00%,84.9%,0,現行,,必須にすると記載の無い15.1%が落ちる / 保有3件。表記ゆれの残骸でないか要確認
M0792,成人の脳脊髄液減少症の確定診断,疾患治療,神経・脳血管領域,1,1,3,0.00%,84.9%,0,現行,,必須にすると記載の無い15.1%が落ちる / 保有3件。表記ゆれの残骸でないか要確認
M0793,植込型除細動器移植術,疾患治療,循環器系領域,1,1,3,0.00%,84.9%,0,現行,,必須にすると記載の無い15.1%が落ちる / 保有3件。表記ゆれの残骸でないか要確認
M0794,皮膚悪性腫瘍治療（放射線）,疾患治療,皮膚・形成外科領域,1,1,3,0.00%,84.9%,0,現行,,必須にすると記載の無い15.1%が落ちる / 保有3件。表記ゆれの残骸でないか要確認
M0795,直腸・結腸癌治療（放射線）,疾患治療,消化器系領域,1,1,3,0.00%,84.9%,0,現行,,必須にすると記載の無い15.1%が落ちる / 保有3件。表記ゆれの残骸でないか要確認
M0796,経尿道的前立腺切除術,疾患治療,腎・泌尿器系領域,1,1,3,0.00%,84.9%,0,現行,,必須にすると記載の無い15.1%が落ちる / 保有3件。表記ゆれの残骸でないか要確認
M0797,経尿道的前立腺高温度治療,疾患治療,腎・泌尿器系領域,1,1,3,0.00%,84.9%,0,現行,,必須にすると記載の無い15.1%が落ちる / 保有3件。表記ゆれの残骸でないか要確認
M0798,経皮的副甲状腺エタノール注入剤（ＰＥＩＴ）,疾患治療,腎・泌尿器系領域,1,1,3,0.00%,84.9%,0,現行,,必須にすると記載の無い15.1%が落ちる / 保有3件。表記ゆれの残骸でないか要確認
M0799,経皮的髄核摘出術,疾患治療,整形外科領域,1,1,3,0.00%,84.9%,0,現行,,必須にすると記載の無い15.1%が落ちる / 保有3件。表記ゆれの残骸でないか要確認
M0800,老人性認知症疾患デイケア,疾患治療,精神科・神経科領域,1,1,3,0.00%,84.9%,0,現行,,必須にすると記載の無い15.1%が落ちる / 保有3件。表記ゆれの残骸でないか要確認
M0801,肝癌治療（放射線）,疾患治療,肝・胆道・膵臓領域,1,1,3,0.00%,84.9%,0,現行,,必須にすると記載の無い15.1%が落ちる / 保有3件。表記ゆれの残骸でないか要確認
M0802,脳脊髄液減少症の診療（ブラッドパッチ療法の実施）,疾患治療,神経・脳血管領域,1,1,3,0.00%,84.9%,0,現行,,必須にすると記載の無い15.1%が落ちる / 保有3件。表記ゆれの残骸でないか要確認
M0803,腎癌治療（放射線）,疾患治療,腎・泌尿器系領域,1,1,3,0.00%,84.9%,0,現行,,必須にすると記載の無い15.1%が落ちる / 保有3件。表記ゆれの残骸でないか要確認
M0804,リンパ組織癌治療（手術）,疾患治療,血液・免疫系領域,1,1,2,0.00%,84.9%,0,現行,,必須にすると記載の無い15.1%が落ちる / 保有2件。表記ゆれの残骸でないか要確認
M0805,内分泌悪性腫瘍治療（放射線）,疾患治療,内分泌・代謝・栄養領域,1,1,2,0.00%,84.9%,0,現行,,必須にすると記載の無い15.1%が落ちる / 保有2件。表記ゆれの残骸でないか要確認
M0806,小児悪性腫瘍治療（化学）,疾患治療,小児領域,1,1,2,0.00%,84.9%,0,現行,,必須にすると記載の無い15.1%が落ちる / 保有2件。表記ゆれの残骸でないか要確認
M0807,小児悪性腫瘍治療（手術）,疾患治療,小児領域,1,1,2,0.00%,84.9%,0,現行,,必須にすると記載の無い15.1%が落ちる / 保有2件。表記ゆれの残骸でないか要確認
M0808,経皮的マイクロ波凝固療法,疾患治療,消化器系領域,1,1,2,0.00%,84.9%,0,現行,,必須にすると記載の無い15.1%が落ちる / 保有2件。表記ゆれの残骸でないか要確認
M0809,肺(臓器移植・人工臓器),疾患治療,呼吸器領域,1,1,2,0.00%,84.9%,0,現行,,必須にすると記載の無い15.1%が落ちる / 保有2件。表記ゆれの残骸でないか要確認
M0810,重度アルコール依存症入院,疾患治療,精神科・神経科領域,1,1,2,0.00%,84.9%,0,現行,,必須にすると記載の無い15.1%が落ちる / 保有2件。表記ゆれの残骸でないか要確認
M0811,児童・思春期精神科入院,疾患治療,精神科・神経科領域,1,1,1,0.00%,84.9%,0,現行,,必須にすると記載の無い15.1%が落ちる / 保有1件。表記ゆれの残骸でないか要確認
M0812,小児悪性腫瘍治療（放射線）,疾患治療,小児領域,1,1,1,0.00%,84.9%,0,現行,,必須にすると記載の無い15.1%が落ちる / 保有1件。表記ゆれの残骸でないか要確認
M0813,腎臓移植,疾患治療,腎・泌尿器系領域,1,1,1,0.00%,84.9%,0,現行,,必須にすると記載の無い15.1%が落ちる / 保有1件。表記ゆれの残骸でないか要確認
M0814,超音波内視鏡ラジオ波灼術,疾患治療,消化器系領域,1,1,1,0.00%,84.9%,0,現行,,必須にすると記載の無い15.1%が落ちる / 保有1件。表記ゆれの残骸でないか要確認
M0815,遠隔画像診断（支援側）,疾患治療,画像診断,1,1,1,0.00%,84.9%,0,現行,,必須にすると記載の無い15.1%が落ちる / 保有1件。表記ゆれの残骸でないか要確認
M1000,パーキンソン病,難病,難病・特定疾患,0,1,10345,35.79%,17.8%,0,現行,専門外来,記載率17.8%。加点のみ
M1001,潰瘍性大腸炎,難病,難病・特定疾患,0,1,9461,32.73%,17.8%,0,現行,,記載率17.8%。加点のみ
M1002,全身性エリテマトーデス,難病,難病・特定疾患,0,1,6243,21.60%,17.8%,0,現行,,記載率17.8%。加点のみ
M1003,クローン病,難病,難病・特定疾患,0,1,6188,21.41%,17.8%,0,現行,,記載率17.8%。加点のみ
M1004,シェーグレン症候群,難病,難病・特定疾患,0,1,5651,19.55%,17.8%,0,現行,,記載率17.8%。加点のみ
M1005,後縦靱帯骨化症,難病,難病・特定疾患,0,1,5495,19.01%,17.8%,0,現行,,記載率17.8%。加点のみ
M1006,サルコイドーシス,難病,難病・特定疾患,0,1,5245,18.15%,17.8%,0,現行,,記載率17.8%。加点のみ
M1007,ベーチェット病,難病,難病・特定疾患,0,1,5207,18.01%,17.8%,0,現行,,記載率17.8%。加点のみ
M1008,原発性胆汁性胆管炎,難病,難病・特定疾患,0,1,4923,17.03%,17.8%,0,現行,,記載率17.8%。加点のみ
M1009,筋萎縮性側索硬化症,難病,難病・特定疾患,0,1,4438,15.35%,17.8%,0,現行,,記載率17.8%。加点のみ
M1010,脊髄小脳変性症(多系統萎縮症を除く。),難病,難病・特定疾患,0,1,4419,15.29%,17.8%,0,現行,,記載率17.8%。加点のみ
M1011,皮膚筋炎／多発性筋炎,難病,難病・特定疾患,0,1,4416,15.28%,17.8%,0,現行,,記載率17.8%。加点のみ
M1012,進行性核上性麻痺,難病,難病・特定疾患,0,1,4275,14.79%,17.8%,0,現行,,記載率17.8%。加点のみ
M1013,多系統萎縮症,難病,難病・特定疾患,0,1,4052,14.02%,17.8%,0,現行,,記載率17.8%。加点のみ
M1014,重症筋無力症,難病,難病・特定疾患,0,1,3936,13.62%,17.8%,0,現行,,記載率17.8%。加点のみ
M1015,特発性間質性肺炎,難病,難病・特定疾患,0,1,3828,13.24%,17.8%,0,現行,,記載率17.8%。加点のみ
M1016,網膜色素変性症,難病,難病・特定疾患,0,1,3810,13.18%,17.8%,0,現行,,記載率17.8%。加点のみ
M1017,特発性拡張型心筋症,難病,難病・特定疾患,0,1,3776,13.06%,17.8%,0,現行,,記載率17.8%。加点のみ
M1018,多発性硬化症／視神経脊髄炎,難病,難病・特定疾患,0,1,3702,12.81%,17.8%,0,現行,,記載率17.8%。加点のみ
M1019,全身性強皮症,難病,難病・特定疾患,0,1,3639,12.59%,17.8%,0,現行,,記載率17.8%。加点のみ
M1020,自己免疫性肝炎,難病,難病・特定疾患,0,1,3474,12.02%,17.8%,0,現行,,記載率17.8%。加点のみ
M1021,特発性血小板減少性紫斑病,難病,難病・特定疾患,0,1,3349,11.59%,17.8%,0,現行,,記載率17.8%。加点のみ
M1022,広範脊柱管狭窄症,難病,難病・特定疾患,0,1,3263,11.29%,17.8%,0,現行,,記載率17.8%。加点のみ
M1023,肥大型心筋症,難病,難病・特定疾患,0,1,3262,11.28%,17.8%,0,現行,,記載率17.8%。加点のみ
M1024,特発性大腿骨頭壊死症,難病,難病・特定疾患,0,1,3219,11.14%,17.8%,0,現行,,記載率17.8%。加点のみ
M1025,大脳皮質基底核変性症,難病,難病・特定疾患,0,1,3189,11.03%,17.8%,0,現行,,記載率17.8%。加点のみ
M1026,悪性関節リウマチ,難病,難病・特定疾患,0,1,3175,10.98%,17.8%,0,現行,,記載率17.8%。加点のみ
M1027,もやもや病,難病,難病・特定疾患,0,1,3141,10.87%,17.8%,0,現行,,記載率17.8%。加点のみ
M1028,混合性結合組織病,難病,難病・特定疾患,0,1,3125,10.81%,17.8%,0,現行,,記載率17.8%。加点のみ
M1029,黄色靱帯骨化症,難病,難病・特定疾患,0,1,2772,9.59%,17.8%,0,現行,,記載率17.8%。加点のみ
M1030,IgＡ 腎症,難病,難病・特定疾患,0,1,2460,8.51%,17.8%,0,現行,,記載率17.8%。加点のみ
M1031,天疱瘡,難病,難病・特定疾患,0,1,2282,7.89%,17.8%,0,現行,,記載率17.8%。加点のみ
M1032,高安動脈炎,難病,難病・特定疾患,0,1,2259,7.81%,17.8%,0,現行,,記載率17.8%。加点のみ
M1033,再生不良性貧血,難病,難病・特定疾患,0,1,2196,7.60%,17.8%,0,現行,,記載率17.8%。加点のみ
M1034,バージャー病,難病,難病・特定疾患,0,1,2159,7.47%,17.8%,0,現行,,記載率17.8%。加点のみ
M1035,顕微鏡的多発血管炎,難病,難病・特定疾患,0,1,2093,7.24%,17.8%,0,現行,,記載率17.8%。加点のみ
M1036,原発性硬化性胆管炎,難病,難病・特定疾患,0,1,1985,6.87%,17.8%,0,現行,,記載率17.8%。加点のみ
M1037,脊髄性筋萎縮症,難病,難病・特定疾患,0,1,1967,6.80%,17.8%,0,現行,,記載率17.8%。加点のみ
M1038,神経線維腫症,難病,難病・特定疾患,0,1,1956,6.77%,17.8%,0,現行,,記載率17.8%。加点のみ
M1039,結節性多発動脈炎,難病,難病・特定疾患,0,1,1950,6.75%,17.8%,0,現行,,記載率17.8%。加点のみ
M1040,多発性嚢胞腎,難病,難病・特定疾患,0,1,1913,6.62%,17.8%,0,現行,,記載率17.8%。加点のみ
M1041,全身性アミロイドーシス,難病,難病・特定疾患,0,1,1855,6.42%,17.8%,0,現行,,記載率17.8%。加点のみ
M1042,成人発症スチル病,難病,難病・特定疾患,0,1,1808,6.25%,17.8%,0,現行,,記載率17.8%。加点のみ
M1043,好酸球性副鼻腔炎,難病,難病・特定疾患,0,1,1806,6.25%,17.8%,0,現行,,記載率17.8%。加点のみ
M1044,多発血管炎性肉芽腫症,難病,難病・特定疾患,0,1,1804,6.24%,17.8%,0,現行,,記載率17.8%。加点のみ
M1045,筋ジストロフィー,難病,難病・特定疾患,0,1,1793,6.20%,17.8%,0,現行,,記載率17.8%。加点のみ
M1046,肺動脈性肺高血圧症,難病,難病・特定疾患,0,1,1767,6.11%,17.8%,0,現行,,記載率17.8%。加点のみ
M1047,類天疱瘡（後天性表皮水疱症を含む。）,難病,難病・特定疾患,0,1,1665,5.76%,17.8%,0,現行,,記載率17.8%。加点のみ
M1048,ハンチントン病,難病,難病・特定疾患,0,1,1661,5.75%,17.8%,0,現行,,記載率17.8%。加点のみ
M1049,下垂体前葉機能低下症,難病,難病・特定疾患,0,1,1598,5.53%,17.8%,0,現行,,記載率17.8%。加点のみ
M1050,好酸球性多発血管炎性肉芽腫症,難病,難病・特定疾患,0,1,1577,5.46%,17.8%,0,現行,,記載率17.8%。加点のみ
M1051,ＩｇＧ４関連疾患,難病,難病・特定疾患,0,1,1562,5.40%,17.8%,0,現行,,記載率17.8%。加点のみ
M1052,慢性炎症性脱髄性多発神経炎／多巣性運動ニューロパチー,難病,難病・特定疾患,0,1,1554,5.38%,17.8%,0,現行,,記載率17.8%。加点のみ
M1053,家族性高コレステロール血症（ホモ接合体）,難病,難病・特定疾患,0,1,1521,5.26%,17.8%,0,現行,,記載率17.8%。加点のみ
M1054,拘束型心筋症,難病,難病・特定疾患,0,1,1519,5.25%,17.8%,0,現行,,記載率17.8%。加点のみ
M1055,好酸球性消化管疾患,難病,難病・特定疾患,0,1,1482,5.13%,17.8%,0,現行,,記載率17.8%。加点のみ
M1056,球脊髄性筋萎縮症,難病,難病・特定疾患,0,1,1440,4.98%,17.8%,0,現行,,記載率17.8%。加点のみ
M1057,慢性血栓塞栓性肺高血圧症,難病,難病・特定疾患,0,1,1409,4.87%,17.8%,0,現行,,記載率17.8%。加点のみ
M1058,強直性脊椎炎,難病,難病・特定疾患,0,1,1388,4.80%,17.8%,0,現行,,記載率17.8%。加点のみ
M1059,クッシング病,難病,難病・特定疾患,0,1,1381,4.78%,17.8%,0,現行,,記載率17.8%。加点のみ
M1060,膿疱性乾癬(汎発型),難病,難病・特定疾患,0,1,1340,4.64%,17.8%,0,現行,,記載率17.8%。加点のみ
M1061,原発性抗リン脂質抗体症候群,難病,難病・特定疾患,0,1,1296,4.48%,17.8%,0,現行,,記載率17.8%。加点のみ
M1062,原発性側索硬化症,難病,難病・特定疾患,0,1,1241,4.29%,17.8%,0,現行,,記載率17.8%。加点のみ
M1063,シャルコー・マリー・トゥース病,難病,難病・特定疾患,0,1,1234,4.27%,17.8%,0,現行,,記載率17.8%。加点のみ
M1064,ミトコンドリア病,難病,難病・特定疾患,0,1,1226,4.24%,17.8%,0,現行,,記載率17.8%。加点のみ
M1065,副甲状腺機能低下症,難病,難病・特定疾患,0,1,1215,4.20%,17.8%,0,現行,,記載率17.8%。加点のみ
M1066,一次性ネフローゼ症候群,難病,難病・特定疾患,0,1,1184,4.10%,17.8%,0,現行,,記載率17.8%。加点のみ
M1067,下垂体性ADH分泌異常症,難病,難病・特定疾患,0,1,1176,4.07%,17.8%,0,現行,,記載率17.8%。加点のみ
M1068,自己免疫性溶血性貧血,難病,難病・特定疾患,0,1,1139,3.94%,17.8%,0,現行,,記載率17.8%。加点のみ
M1069,アジソン病,難病,難病・特定疾患,0,1,1126,3.90%,17.8%,0,現行,,記載率17.8%。加点のみ
M1070,巨細胞性動脈炎,難病,難病・特定疾患,0,1,1122,3.88%,17.8%,0,現行,,記載率17.8%。加点のみ
M1071,下垂体性PRL分泌亢進症,難病,難病・特定疾患,0,1,1094,3.78%,17.8%,0,現行,,記載率17.8%。加点のみ
M1072,下垂体性成長ホルモン分泌亢進症,難病,難病・特定疾患,0,1,1092,3.78%,17.8%,0,現行,,記載率17.8%。加点のみ
M1073,前頭側頭葉変性症,難病,難病・特定疾患,0,1,1073,3.71%,17.8%,0,現行,,記載率17.8%。加点のみ
M1074,プリオン病,難病,難病・特定疾患,0,1,1069,3.70%,17.8%,0,現行,,記載率17.8%。加点のみ
M1075,表皮水疱症,難病,難病・特定疾患,0,1,1042,3.60%,17.8%,0,現行,,記載率17.8%。加点のみ
M1076,脊髄空洞症,難病,難病・特定疾患,0,1,1012,3.50%,17.8%,0,現行,,記載率17.8%。加点のみ
M1077,副腎白質ジストロフィー,難病,難病・特定疾患,0,1,993,3.44%,17.8%,0,現行,,記載率17.8%。加点のみ
M1078,HTLV-1関連脊髄症,難病,難病・特定疾患,0,1,983,3.40%,17.8%,0,現行,,記載率17.8%。加点のみ
M1079,スティーヴンス・ジョンソン症候群,難病,難病・特定疾患,0,1,967,3.35%,17.8%,0,現行,,記載率17.8%。加点のみ
M1080,血栓性血小板減少性紫斑病,難病,難病・特定疾患,0,1,965,3.34%,17.8%,0,現行,,記載率17.8%。加点のみ
M1081,黄斑ジストロフィー,難病,難病・特定疾患,0,1,936,3.24%,17.8%,0,現行,,記載率17.8%。加点のみ
M1082,急速進行性糸球体腎炎,難病,難病・特定疾患,0,1,917,3.17%,17.8%,0,現行,,記載率17.8%。加点のみ
M1083,バッド・キアリ症候群,難病,難病・特定疾患,0,1,915,3.17%,17.8%,0,現行,,記載率17.8%。加点のみ
M1084,紫斑病性腎炎,難病,難病・特定疾患,0,1,895,3.10%,17.8%,0,現行,,記載率17.8%。加点のみ
M1085,下垂体性TSH分泌亢進症,難病,難病・特定疾患,0,1,873,3.02%,17.8%,0,現行,,記載率17.8%。加点のみ
M1086,マルファン症候群／ロイス・ディーツ症候群,難病,難病・特定疾患,0,1,870,3.01%,17.8%,0,現行,,記載率17.8%。加点のみ
M1087,封入体筋炎,難病,難病・特定疾患,0,1,870,3.01%,17.8%,0,現行,,記載率17.8%。加点のみ
M1088,無虹彩症,難病,難病・特定疾患,0,1,852,2.95%,17.8%,0,現行,,記載率17.8%。加点のみ
M1089,特発性門脈圧亢進症,難病,難病・特定疾患,0,1,846,2.93%,17.8%,0,現行,,記載率17.8%。加点のみ
M1090,ライソゾーム病,難病,難病・特定疾患,0,1,845,2.92%,17.8%,0,現行,,記載率17.8%。加点のみ
M1091,再発性多発軟骨炎,難病,難病・特定疾患,0,1,834,2.89%,17.8%,0,現行,,記載率17.8%。加点のみ
M1092,亜急性硬化性全脳炎,難病,難病・特定疾患,0,1,828,2.86%,17.8%,0,現行,,記載率17.8%。加点のみ
M1093,結節性硬化症,難病,難病・特定疾患,0,1,800,2.77%,17.8%,0,現行,,記載率17.8%。加点のみ
M1094,下垂体性ゴナドトロピン分泌亢進症,難病,難病・特定疾患,0,1,777,2.69%,17.8%,0,現行,,記載率17.8%。加点のみ
M1095,原発性免疫不全症候群,難病,難病・特定疾患,0,1,766,2.65%,17.8%,0,現行,,記載率17.8%。加点のみ
M1096,ウィルソン病,難病,難病・特定疾患,0,1,727,2.52%,17.8%,0,現行,,記載率17.8%。加点のみ
M1097,遠位型ミオパチー,難病,難病・特定疾患,0,1,701,2.43%,17.8%,0,現行,,記載率17.8%。加点のみ
M1098,偽性副甲状腺機能低下症,難病,難病・特定疾患,0,1,699,2.42%,17.8%,0,現行,,記載率17.8%。加点のみ
M1099,一次性膜性増殖性糸球体腎炎,難病,難病・特定疾患,0,1,667,2.31%,17.8%,0,現行,,記載率17.8%。加点のみ
M1100,進行性多巣性白質脳症,難病,難病・特定疾患,0,1,663,2.29%,17.8%,0,現行,,記載率17.8%。加点のみ
M1101,抗糸球体基底膜腎炎,難病,難病・特定疾患,0,1,655,2.27%,17.8%,0,現行,,記載率17.8%。加点のみ
M1102,甲状腺ホルモン不応症,難病,難病・特定疾患,0,1,652,2.26%,17.8%,0,現行,,記載率17.8%。加点のみ
M1103,発作性夜間ヘモグロビン尿症,難病,難病・特定疾患,0,1,642,2.22%,17.8%,0,現行,,記載率17.8%。加点のみ
M1104,クロウ・深瀬症候群,難病,難病・特定疾患,0,1,616,2.13%,17.8%,0,現行,,記載率17.8%。加点のみ
M1105,レーベル遺伝性視神経症,難病,難病・特定疾患,0,1,607,2.10%,17.8%,0,現行,,記載率17.8%。加点のみ
M1106,スタージ・ウェーバー症候群,難病,難病・特定疾患,0,1,606,2.10%,17.8%,0,現行,,記載率17.8%。加点のみ
M1107,ミオクロニー欠神てんかん,難病,難病・特定疾患,0,1,606,2.10%,17.8%,0,現行,,記載率17.8%。加点のみ
M1108,遅発性内リンパ水腫,難病,難病・特定疾患,0,1,601,2.08%,17.8%,0,現行,,記載率17.8%。加点のみ
M1109,片側痙攣・片麻痺・てんかん症候群,難病,難病・特定疾患,0,1,591,2.04%,17.8%,0,現行,,記載率17.8%。加点のみ
M1110,ミオクロニー脱力発作を伴うてんかん,難病,難病・特定疾患,0,1,579,2.00%,17.8%,0,現行,,記載率17.8%。加点のみ
M1111,ファロー四徴症,難病,難病・特定疾患,0,1,574,1.99%,17.8%,0,現行,,記載率17.8%。加点のみ
M1112,先天性副腎皮質酵素欠損症,難病,難病・特定疾患,0,1,572,1.98%,17.8%,0,現行,,記載率17.8%。加点のみ
M1113,特発性基底核石灰化症,難病,難病・特定疾患,0,1,572,1.98%,17.8%,0,現行,,記載率17.8%。加点のみ
M1114,家族性良性慢性天疱瘡,難病,難病・特定疾患,0,1,570,1.97%,17.8%,0,現行,,記載率17.8%。加点のみ
M1115,前眼部形成異常,難病,難病・特定疾患,0,1,566,1.96%,17.8%,0,現行,,記載率17.8%。加点のみ
M1116,海馬硬化を伴う内側側頭葉てんかん,難病,難病・特定疾患,0,1,546,1.89%,17.8%,0,現行,,記載率17.8%。加点のみ
M1117,先天性ミオパチー,難病,難病・特定疾患,0,1,537,1.86%,17.8%,0,現行,,記載率17.8%。加点のみ
M1118,先天性筋無力症候群,難病,難病・特定疾患,0,1,536,1.85%,17.8%,0,現行,,記載率17.8%。加点のみ
M1119,ビタミンＤ抵抗性くる病/骨軟化症,難病,難病・特定疾患,0,1,534,1.85%,17.8%,0,現行,,記載率17.8%。加点のみ
M1120,間質性膀胱炎（ハンナ型）,難病,難病・特定疾患,0,1,528,1.83%,17.8%,0,現行,,記載率17.8%。加点のみ
M1121,ウエスト症候群,難病,難病・特定疾患,0,1,509,1.76%,17.8%,0,現行,,記載率17.8%。加点のみ
M1122,ビタミンＤ依存性くる病/骨軟化症,難病,難病・特定疾患,0,1,508,1.76%,17.8%,0,現行,,記載率17.8%。加点のみ
M1123,家族性地中海熱,難病,難病・特定疾患,0,1,498,1.72%,17.8%,0,現行,,記載率17.8%。加点のみ
M1124,中毒性表皮壊死症,難病,難病・特定疾患,0,1,488,1.69%,17.8%,0,現行,,記載率17.8%。加点のみ
M1125,レノックス・ガストー症候群,難病,難病・特定疾患,0,1,483,1.67%,17.8%,0,現行,,記載率17.8%。加点のみ
M1126,慢性特発性偽性腸閉塞症,難病,難病・特定疾患,0,1,479,1.66%,17.8%,0,現行,,記載率17.8%。加点のみ
M1127,三尖弁閉鎖症,難病,難病・特定疾患,0,1,473,1.64%,17.8%,0,現行,,記載率17.8%。加点のみ
M1128,若年性特発性関節炎,難病,難病・特定疾患,0,1,473,1.64%,17.8%,0,現行,,記載率17.8%。加点のみ
M1129,先天性副腎低形成症,難病,難病・特定疾患,0,1,470,1.63%,17.8%,0,現行,,記載率17.8%。加点のみ
M1130,膠様滴状角膜ジストロフィー,難病,難病・特定疾患,0,1,466,1.61%,17.8%,0,現行,,記載率17.8%。加点のみ
M1131,リンパ脈管筋腫症,難病,難病・特定疾患,0,1,465,1.61%,17.8%,0,現行,,記載率17.8%。加点のみ
M1132,プラダー・ウィリ症候群,難病,難病・特定疾患,0,1,461,1.59%,17.8%,0,現行,,記載率17.8%。加点のみ
M1133,オスラー病,難病,難病・特定疾患,0,1,458,1.58%,17.8%,0,現行,,記載率17.8%。加点のみ
M1134,脳表ヘモジデリン沈着症,難病,難病・特定疾患,0,1,458,1.58%,17.8%,0,現行,,記載率17.8%。加点のみ
M1135,先天性魚鱗癬,難病,難病・特定疾患,0,1,456,1.58%,17.8%,0,現行,,記載率17.8%。加点のみ
M1136,後天性赤芽球癆,難病,難病・特定疾患,0,1,456,1.58%,17.8%,0,現行,,記載率17.8%。加点のみ
M1137,エーラス・ダンロス症候群,難病,難病・特定疾患,0,1,450,1.56%,17.8%,0,現行,,記載率17.8%。加点のみ
M1138,ビッカースタッフ脳幹脳炎,難病,難病・特定疾患,0,1,448,1.55%,17.8%,0,現行,,記載率17.8%。加点のみ
M1139,アルポート症候群,難病,難病・特定疾患,0,1,447,1.55%,17.8%,0,現行,,記載率17.8%。加点のみ
M1140,眼皮膚白皮症,難病,難病・特定疾患,0,1,447,1.55%,17.8%,0,現行,,記載率17.8%。加点のみ
M1141,人工透析を必要とする腎不全,難病,難病・特定疾患,0,1,445,1.54%,17.8%,0,現行,,記載率17.8%。加点のみ / 除外: 指定難病ではない（旧・特定疾患治療研究事業の対象）
M1142,肺静脈閉塞症／肺毛細血管腫症,難病,難病・特定疾患,0,1,445,1.54%,17.8%,0,現行,,記載率17.8%。加点のみ
M1143,骨形成不全症,難病,難病・特定疾患,0,1,440,1.52%,17.8%,0,現行,,記載率17.8%。加点のみ
M1144,遺伝性周期性四肢麻痺,難病,難病・特定疾患,0,1,439,1.52%,17.8%,0,現行,,記載率17.8%。加点のみ
M1145,色素性乾皮症,難病,難病・特定疾患,0,1,435,1.50%,17.8%,0,現行,,記載率17.8%。加点のみ
M1146,遺伝性ジストニア,難病,難病・特定疾患,0,1,430,1.49%,17.8%,0,現行,,記載率17.8%。加点のみ
M1147,脊髄髄膜瘤,難病,難病・特定疾患,0,1,426,1.47%,17.8%,0,現行,,記載率17.8%。加点のみ
M1148,神経有棘赤血球症,難病,難病・特定疾患,0,1,412,1.43%,17.8%,0,現行,,記載率17.8%。加点のみ
M1149,網膜脈絡膜萎縮症,難病,難病・特定疾患,0,1,408,1.41%,17.8%,0,現行,,記載率17.8%。加点のみ
M1150,閉塞性細気管支炎,難病,難病・特定疾患,0,1,407,1.41%,17.8%,0,現行,,記載率17.8%。加点のみ
M1151,副腎皮質刺激ホルモン不応症,難病,難病・特定疾患,0,1,405,1.40%,17.8%,0,現行,,記載率17.8%。加点のみ
M1152,エプスタイン病,難病,難病・特定疾患,0,1,402,1.39%,17.8%,0,現行,,記載率17.8%。加点のみ
M1153,アトピー性脊髄炎,難病,難病・特定疾患,0,1,399,1.38%,17.8%,0,現行,,記載率17.8%。加点のみ
M1154,修正大血管転位症,難病,難病・特定疾患,0,1,399,1.38%,17.8%,0,現行,,記載率17.8%。加点のみ
M1155,進行性ミオクローヌスてんかん,難病,難病・特定疾患,0,1,392,1.36%,17.8%,0,現行,,記載率17.8%。加点のみ
M1156,完全大血管転位症,難病,難病・特定疾患,0,1,386,1.34%,17.8%,0,現行,,記載率17.8%。加点のみ
M1157,特発性多中心性キャッスルマン病,難病,難病・特定疾患,0,1,382,1.32%,17.8%,0,現行,,記載率17.8%。加点のみ
M1158,皮質下梗塞と白質脳症を伴う常染色体優性脳動脈症,難病,難病・特定疾患,0,1,378,1.31%,17.8%,0,現行,,記載率17.8%。加点のみ
M1159,レット症候群,難病,難病・特定疾患,0,1,375,1.30%,17.8%,0,現行,,記載率17.8%。加点のみ
M1160,肺胞蛋白症（自己免疫性又は先天性）,難病,難病・特定疾患,0,1,370,1.28%,17.8%,0,現行,,記載率17.8%。加点のみ
M1161,弾性線維性仮性黄色腫,難病,難病・特定疾患,0,1,366,1.27%,17.8%,0,現行,,記載率17.8%。加点のみ
M1162,悪性高血圧,難病,難病・特定疾患,0,1,365,1.26%,17.8%,0,現行,,記載率17.8%。加点のみ
M1163,心室中隔欠損を伴う肺動脈閉鎖症,難病,難病・特定疾患,0,1,363,1.26%,17.8%,0,現行,,記載率17.8%。加点のみ
M1164,アイザックス症候群,難病,難病・特定疾患,0,1,362,1.25%,17.8%,0,現行,,記載率17.8%。加点のみ
M1165,両大血管右室起始症,難病,難病・特定疾患,0,1,357,1.24%,17.8%,0,現行,,記載率17.8%。加点のみ
M1166,非ジストロフィー性ミオトニー症候群,難病,難病・特定疾患,0,1,354,1.22%,17.8%,0,現行,,記載率17.8%。加点のみ
M1167,単心室症,難病,難病・特定疾患,0,1,352,1.22%,17.8%,0,現行,,記載率17.8%。加点のみ
M1168,ヌーナン症候群,難病,難病・特定疾患,0,1,350,1.21%,17.8%,0,現行,,記載率17.8%。加点のみ
M1169,心室中隔欠損を伴わない肺動脈閉鎖症,難病,難病・特定疾患,0,1,350,1.21%,17.8%,0,現行,,記載率17.8%。加点のみ
M1170,若年発症型両側性感音難聴,難病,難病・特定疾患,0,1,349,1.21%,17.8%,0,現行,,記載率17.8%。加点のみ
M1171,びまん性汎細気管支炎,難病,難病・特定疾患,0,1,348,1.20%,17.8%,0,現行,,記載率17.8%。加点のみ
M1172,肺胞低換気症候群,難病,難病・特定疾患,0,1,343,1.19%,17.8%,0,現行,,記載率17.8%。加点のみ
M1173,スモン,難病,難病・特定疾患,0,1,340,1.18%,17.8%,0,現行,,記載率17.8%。加点のみ
M1174,軟骨無形成症,難病,難病・特定疾患,0,1,332,1.15%,17.8%,0,現行,,記載率17.8%。加点のみ
M1175,痙攣重積型（二相性）急性脳症,難病,難病・特定疾患,0,1,328,1.13%,17.8%,0,現行,,記載率17.8%。加点のみ
M1176,左心低形成症候群,難病,難病・特定疾患,0,1,324,1.12%,17.8%,0,現行,,記載率17.8%。加点のみ
M1177,ドラベ症候群,難病,難病・特定疾患,0,1,321,1.11%,17.8%,0,現行,,記載率17.8%。加点のみ
M1178,神経軸索スフェロイド形成を伴う遺伝性びまん性白質脳症,難病,難病・特定疾患,0,1,320,1.11%,17.8%,0,現行,,記載率17.8%。加点のみ
M1179,クロンカイト・カナダ症候群,難病,難病・特定疾患,0,1,319,1.10%,17.8%,0,現行,,記載率17.8%。加点のみ
M1180,自己免疫性後天性凝固因子欠乏症,難病,難病・特定疾患,0,1,319,1.10%,17.8%,0,現行,,記載率17.8%。加点のみ
M1181,重症急性膵炎,難病,難病・特定疾患,0,1,318,1.10%,17.8%,0,現行,,記載率17.8%。加点のみ
M1182,肺線維症,難病,難病・特定疾患,0,1,304,1.05%,17.8%,0,現行,,記載率17.8%。加点のみ / 除外: 指定難病の告示名ではない（特発性間質性肺炎の一部と見られる）
M1183,22q11.2欠失症候群,難病,難病・特定疾患,0,1,302,1.04%,17.8%,0,現行,,記載率17.8%。加点のみ
M1184,特発性後天性全身性無汗症,難病,難病・特定疾患,0,1,301,1.04%,17.8%,0,現行,,記載率17.8%。加点のみ
M1185,アレキサンダー病,難病,難病・特定疾患,0,1,299,1.03%,17.8%,0,現行,,記載率17.8%。加点のみ
M1186,進行性白質脳症,難病,難病・特定疾患,0,1,295,1.02%,17.8%,0,現行,,記載率17.8%。加点のみ
M1187,ウェルナー症候群,難病,難病・特定疾患,0,1,289,1.00%,17.8%,0,現行,,記載率17.8%。加点のみ
M1188,ソトス症候群,難病,難病・特定疾患,0,1,287,0.99%,17.8%,0,現行,,記載率17.8%。加点のみ
M1189,ＨＴＲＡ１関連脳小血管病,難病,難病・特定疾患,0,1,287,0.99%,17.8%,0,現行,,記載率17.8%。加点のみ
M1190,マリネスコ・シェーグレン症候群,難病,難病・特定疾患,0,1,286,0.99%,17.8%,0,現行,,記載率17.8%。加点のみ
M1191,先天性腎性尿崩症,難病,難病・特定疾患,0,1,284,0.98%,17.8%,0,現行,,記載率17.8%。加点のみ
M1192,総動脈幹遺残症,難病,難病・特定疾患,0,1,279,0.97%,17.8%,0,現行,,記載率17.8%。加点のみ
M1193,脳内鉄沈着神経変性症,難病,難病・特定疾患,0,1,278,0.96%,17.8%,0,現行,,記載率17.8%。加点のみ
M1194,自己貪食空胞性ミオパチー,難病,難病・特定疾患,0,1,276,0.95%,17.8%,0,現行,,記載率17.8%。加点のみ
M1195,アッシャー症候群,難病,難病・特定疾患,0,1,275,0.95%,17.8%,0,現行,,記載率17.8%。加点のみ
M1196,アンジェルマン症候群,難病,難病・特定疾患,0,1,274,0.95%,17.8%,0,現行,,記載率17.8%。加点のみ
M1197,ラスムッセン脳炎,難病,難病・特定疾患,0,1,272,0.94%,17.8%,0,現行,,記載率17.8%。加点のみ
M1198,胆道閉鎖症,難病,難病・特定疾患,0,1,271,0.94%,17.8%,0,現行,,記載率17.8%。加点のみ
M1199,ヒルシュスプルング病（全結腸型又は小腸型）,難病,難病・特定疾患,0,1,268,0.93%,17.8%,0,現行,,記載率17.8%。加点のみ
M1200,ウィリアムズ症候群,難病,難病・特定疾患,0,1,264,0.91%,17.8%,0,現行,,記載率17.8%。加点のみ
M1201,クリッペル・トレノネー・ウェーバー症候群,難病,難病・特定疾患,0,1,264,0.91%,17.8%,0,現行,,記載率17.8%。加点のみ
M1202,大田原症候群,難病,難病・特定疾患,0,1,263,0.91%,17.8%,0,現行,,記載率17.8%。加点のみ
M1203,早期ミオクロニー脳症,難病,難病・特定疾患,0,1,263,0.91%,17.8%,0,現行,,記載率17.8%。加点のみ
M1204,歌舞伎症候群,難病,難病・特定疾患,0,1,261,0.90%,17.8%,0,現行,,記載率17.8%。加点のみ
M1205,難治性の肝炎のうち劇症肝炎,難病,難病・特定疾患,0,1,259,0.90%,17.8%,0,現行,,記載率17.8%。加点のみ
M1206,限局性皮質異形成,難病,難病・特定疾患,0,1,258,0.89%,17.8%,0,現行,,記載率17.8%。加点のみ
M1207,徐波睡眠期持続性棘徐波を示すてんかん性脳症,難病,難病・特定疾患,0,1,256,0.89%,17.8%,0,現行,,記載率17.8%。加点のみ
M1208,ベスレムミオパチー,難病,難病・特定疾患,0,1,254,0.88%,17.8%,0,現行,,記載率17.8%。加点のみ
M1209,肋骨異常を伴う先天性側弯症,難病,難病・特定疾患,0,1,248,0.86%,17.8%,0,現行,,記載率17.8%。加点のみ
M1210,遊走性焦点発作を伴う乳児てんかん,難病,難病・特定疾患,0,1,246,0.85%,17.8%,0,現行,,記載率17.8%。加点のみ
M1211,脳腱黄色腫症,難病,難病・特定疾患,0,1,244,0.84%,17.8%,0,現行,,記載率17.8%。加点のみ
M1212,先天性大脳白質形成不全症,難病,難病・特定疾患,0,1,242,0.84%,17.8%,0,現行,,記載率17.8%。加点のみ
M1213,原発性高カイロミクロン血症,難病,難病・特定疾患,0,1,240,0.83%,17.8%,0,現行,,記載率17.8%。加点のみ
M1214,フェニルケトン尿症,難病,難病・特定疾患,0,1,239,0.83%,17.8%,0,現行,,記載率17.8%。加点のみ
M1215,ポルフィリン症,難病,難病・特定疾患,0,1,239,0.83%,17.8%,0,現行,,記載率17.8%。加点のみ
M1216,化膿性無菌性関節炎・壊疽性膿皮症・アクネ症候群,難病,難病・特定疾患,0,1,237,0.82%,17.8%,0,現行,,記載率17.8%。加点のみ
M1217,チャージ症候群,難病,難病・特定疾患,0,1,236,0.82%,17.8%,0,現行,,記載率17.8%。加点のみ
M1218,筋型糖原病,難病,難病・特定疾患,0,1,236,0.82%,17.8%,0,現行,,記載率17.8%。加点のみ
M1219,非典型溶血性尿毒症症候群,難病,難病・特定疾患,0,1,235,0.81%,17.8%,0,現行,,記載率17.8%。加点のみ
M1220,ウルリッヒ病,難病,難病・特定疾患,0,1,232,0.80%,17.8%,0,現行,,記載率17.8%。加点のみ
M1221,先天性僧帽弁狭窄症,難病,難病・特定疾患,0,1,232,0.80%,17.8%,0,現行,,記載率17.8%。加点のみ
M1222,低ホスファターゼ症,難病,難病・特定疾患,0,1,231,0.80%,17.8%,0,現行,,記載率17.8%。加点のみ
M1223,TNF受容体関連周期性症候群,難病,難病・特定疾患,0,1,230,0.80%,17.8%,0,現行,,記載率17.8%。加点のみ
M1224,先天性三尖弁狭窄症,難病,難病・特定疾患,0,1,230,0.80%,17.8%,0,現行,,記載率17.8%。加点のみ
M1225,片側巨脳症,難病,難病・特定疾患,0,1,228,0.79%,17.8%,0,現行,,記載率17.8%。加点のみ
M1226,慢性再発性多発性骨髄炎,難病,難病・特定疾患,0,1,227,0.79%,17.8%,0,現行,,記載率17.8%。加点のみ
M1227,先天性核上性球麻痺,難病,難病・特定疾患,0,1,226,0.78%,17.8%,0,現行,,記載率17.8%。加点のみ
M1228,アイカルディ症候群,難病,難病・特定疾患,0,1,224,0.77%,17.8%,0,現行,,記載率17.8%。加点のみ
M1229,無脾症候群,難病,難病・特定疾患,0,1,224,0.77%,17.8%,0,現行,,記載率17.8%。加点のみ
M1230,非特異性多発性小腸潰瘍症,難病,難病・特定疾患,0,1,224,0.77%,17.8%,0,現行,,記載率17.8%。加点のみ
M1231,クリオピリン関連周期熱症候群,難病,難病・特定疾患,0,1,223,0.77%,17.8%,0,現行,,記載率17.8%。加点のみ
M1232,肝型糖原病,難病,難病・特定疾患,0,1,222,0.77%,17.8%,0,現行,,記載率17.8%。加点のみ
M1233,メビウス症候群,難病,難病・特定疾患,0,1,221,0.76%,17.8%,0,現行,,記載率17.8%。加点のみ
M1234,ペリー病,難病,難病・特定疾患,0,1,217,0.75%,17.8%,0,現行,,記載率17.8%。加点のみ
M1235,多脾症候群,難病,難病・特定疾患,0,1,217,0.75%,17.8%,0,現行,,記載率17.8%。加点のみ
M1236,特発性血栓症（遺伝性血栓性素因によるものに限る。）,難病,難病・特定疾患,0,1,216,0.75%,17.8%,0,現行,,記載率17.8%。加点のみ
M1237,難治頻回部分発作重積型急性脳炎,難病,難病・特定疾患,0,1,215,0.74%,17.8%,0,現行,,記載率17.8%。加点のみ
M1238,肝内結石症,難病,難病・特定疾患,0,1,212,0.73%,17.8%,0,現行,,記載率17.8%。加点のみ
M1239,５p欠失症候群,難病,難病・特定疾患,0,1,212,0.73%,17.8%,0,現行,,記載率17.8%。加点のみ
M1240,脆弱X症候群,難病,難病・特定疾患,0,1,211,0.73%,17.8%,0,現行,,記載率17.8%。加点のみ
M1241,大理石骨病,難病,難病・特定疾患,0,1,210,0.73%,17.8%,0,現行,,記載率17.8%。加点のみ
M1242,左肺動脈右肺動脈起始症,難病,難病・特定疾患,0,1,210,0.73%,17.8%,0,現行,,記載率17.8%。加点のみ
M1243,ルビンシュタイン・テイビ症候群,難病,難病・特定疾患,0,1,208,0.72%,17.8%,0,現行,,記載率17.8%。加点のみ
M1244,４p欠失症候群,難病,難病・特定疾患,0,1,208,0.72%,17.8%,0,現行,,記載率17.8%。加点のみ
M1245,遺伝性膵炎,難病,難病・特定疾患,0,1,207,0.72%,17.8%,0,現行,,記載率17.8%。加点のみ
M1246,コケイン症候群,難病,難病・特定疾患,0,1,206,0.71%,17.8%,0,現行,,記載率17.8%。加点のみ
M1247,先天性肺静脈狭窄症,難病,難病・特定疾患,0,1,206,0.71%,17.8%,0,現行,,記載率17.8%。加点のみ
M1248,尿素サイクル異常症,難病,難病・特定疾患,0,1,206,0.71%,17.8%,0,現行,,記載率17.8%。加点のみ
M1249,進行性骨化性線維異形成症,難病,難病・特定疾患,0,1,206,0.71%,17.8%,0,現行,,記載率17.8%。加点のみ
M1250,神経細胞移動異常症,難病,難病・特定疾患,0,1,205,0.71%,17.8%,0,現行,,記載率17.8%。加点のみ
M1251,クルーゾン症候群,難病,難病・特定疾患,0,1,203,0.70%,17.8%,0,現行,,記載率17.8%。加点のみ
M1252,シュワルツ・ヤンペル症候群,難病,難病・特定疾患,0,1,203,0.70%,17.8%,0,現行,,記載率17.8%。加点のみ
M1253,脆弱Ｘ症候群関連疾患,難病,難病・特定疾患,0,1,202,0.70%,17.8%,0,現行,,記載率17.8%。加点のみ
M1254,VATER症候群,難病,難病・特定疾患,0,1,201,0.70%,17.8%,0,現行,,記載率17.8%。加点のみ
M1255,ランドウ・クレフナー症候群,難病,難病・特定疾患,0,1,200,0.69%,17.8%,0,現行,,記載率17.8%。加点のみ
M1256,アラジール症候群,難病,難病・特定疾患,0,1,199,0.69%,17.8%,0,現行,,記載率17.8%。加点のみ
M1257,シトリン欠損症,難病,難病・特定疾患,0,1,196,0.68%,17.8%,0,現行,,記載率17.8%。加点のみ
M1258,環状20番染色体症候群,難病,難病・特定疾患,0,1,196,0.68%,17.8%,0,現行,,記載率17.8%。加点のみ
M1259,アペール症候群,難病,難病・特定疾患,0,1,195,0.67%,17.8%,0,現行,,記載率17.8%。加点のみ
M1260,ファンコニ貧血,難病,難病・特定疾患,0,1,195,0.67%,17.8%,0,現行,,記載率17.8%。加点のみ
M1261,先天性無痛無汗症,難病,難病・特定疾患,0,1,193,0.67%,17.8%,0,現行,,記載率17.8%。加点のみ
M1262,先天性横隔膜ヘルニア,難病,難病・特定疾患,0,1,192,0.66%,17.8%,0,現行,,記載率17.8%。加点のみ
M1263,コステロ症候群,難病,難病・特定疾患,0,1,191,0.66%,17.8%,0,現行,,記載率17.8%。加点のみ
M1264,ジュベール症候群関連疾患,難病,難病・特定疾患,0,1,190,0.66%,17.8%,0,現行,,記載率17.8%。加点のみ
M1265,中隔視神経形成異常症/ドモルシア症候群,難病,難病・特定疾患,0,1,190,0.66%,17.8%,0,現行,,記載率17.8%。加点のみ
M1266,α1－アンチトリプシン欠乏症,難病,難病・特定疾患,0,1,188,0.65%,17.8%,0,現行,,記載率17.8%。加点のみ
M1267,遺伝性鉄芽球性貧血,難病,難病・特定疾患,0,1,188,0.65%,17.8%,0,現行,,記載率17.8%。加点のみ
M1268,総排泄腔遺残,難病,難病・特定疾患,0,1,185,0.64%,17.8%,0,現行,,記載率17.8%。加点のみ
M1269,CFC症候群,難病,難病・特定疾患,0,1,182,0.63%,17.8%,0,現行,,記載率17.8%。加点のみ
M1270,母斑症,難病,難病・特定疾患,0,1,182,0.63%,17.8%,0,現行,,記載率17.8%。加点のみ
M1271,脂肪萎縮症,難病,難病・特定疾患,0,1,182,0.63%,17.8%,0,現行,,記載率17.8%。加点のみ
M1272,メンケス病,難病,難病・特定疾患,0,1,181,0.63%,17.8%,0,現行,,記載率17.8%。加点のみ
M1273,ダイアモンド・ブラックファン貧血,難病,難病・特定疾患,0,1,180,0.62%,17.8%,0,現行,,記載率17.8%。加点のみ
M1274,エプスタイン症候群,難病,難病・特定疾患,0,1,177,0.61%,17.8%,0,現行,,記載率17.8%。加点のみ
M1275,１p36欠失症候群,難病,難病・特定疾患,0,1,176,0.61%,17.8%,0,現行,,記載率17.8%。加点のみ
M1276,遺伝性自己炎症疾患,難病,難病・特定疾患,0,1,174,0.60%,17.8%,0,現行,,記載率17.8%。加点のみ
M1277,高ＩｇＤ症候群,難病,難病・特定疾患,0,1,174,0.60%,17.8%,0,現行,,記載率17.8%。加点のみ
M1278,嚢胞性線維症,難病,難病・特定疾患,0,1,173,0.60%,17.8%,0,現行,,記載率17.8%。加点のみ
M1279,ブラウ症候群,難病,難病・特定疾患,0,1,172,0.60%,17.8%,0,現行,,記載率17.8%。加点のみ
M1280,先天性赤血球形成異常性貧血,難病,難病・特定疾患,0,1,170,0.59%,17.8%,0,現行,,記載率17.8%。加点のみ
M1281,メチルマロン酸血症,難病,難病・特定疾患,0,1,168,0.58%,17.8%,0,現行,,記載率17.8%。加点のみ
M1282,那須・ハコラ病,難病,難病・特定疾患,0,1,168,0.58%,17.8%,0,現行,,記載率17.8%。加点のみ
M1283,モワット・ウィルソン症候群,難病,難病・特定疾患,0,1,165,0.57%,17.8%,0,現行,,記載率17.8%。加点のみ
M1284,巨大動静脈奇形（頚部顔面又は四肢病変）,難病,難病・特定疾患,0,1,165,0.57%,17.8%,0,現行,,記載率17.8%。加点のみ
M1285,リンパ管腫症/ゴーハム病,難病,難病・特定疾患,0,1,164,0.57%,17.8%,0,現行,,記載率17.8%。加点のみ
M1286,巨大膀胱短小結腸腸管蠕動不全症,難病,難病・特定疾患,0,1,164,0.57%,17.8%,0,現行,,記載率17.8%。加点のみ
M1287,グルコーストランスポーター1欠損症,難病,難病・特定疾患,0,1,163,0.56%,17.8%,0,現行,,記載率17.8%。加点のみ
M1288,プロピオン酸血症,難病,難病・特定疾患,0,1,163,0.56%,17.8%,0,現行,,記載率17.8%。加点のみ
M1289,ペルオキシソーム病（副腎白質ジストロフィーを除く。）,難病,難病・特定疾患,0,1,163,0.56%,17.8%,0,現行,,記載率17.8%。加点のみ
M1290,メープルシロップ尿症,難病,難病・特定疾患,0,1,163,0.56%,17.8%,0,現行,,記載率17.8%。加点のみ
M1291,ネフロン癆,難病,難病・特定疾患,0,1,162,0.56%,17.8%,0,現行,,記載率17.8%。加点のみ
M1292,鰓耳腎症候群,難病,難病・特定疾患,0,1,162,0.56%,17.8%,0,現行,,記載率17.8%。加点のみ
M1293,ＡＴＲ－Ｘ症候群,難病,難病・特定疾患,0,1,162,0.56%,17.8%,0,現行,,記載率17.8%。加点のみ
M1294,ＰＣＤＨ19関連症候群,難病,難病・特定疾患,0,1,162,0.56%,17.8%,0,現行,,記載率17.8%。加点のみ
M1295,ホモシスチン尿症,難病,難病・特定疾患,0,1,161,0.56%,17.8%,0,現行,,記載率17.8%。加点のみ
M1296,肥厚性皮膚骨膜症,難病,難病・特定疾患,0,1,161,0.56%,17.8%,0,現行,,記載率17.8%。加点のみ
M1297,タナトフォリック骨異形成症,難病,難病・特定疾患,0,1,160,0.55%,17.8%,0,現行,,記載率17.8%。加点のみ
M1298,特発性好酸球増多症候群,難病,難病・特定疾患,0,1,160,0.55%,17.8%,0,現行,,記載率17.8%。加点のみ
M1299,腸管神経節細胞僅少症,難病,難病・特定疾患,0,1,160,0.55%,17.8%,0,現行,,記載率17.8%。加点のみ
M1300,先天性気管狭窄症/先天性声門下狭窄症,難病,難病・特定疾患,0,1,159,0.55%,17.8%,0,現行,,記載率17.8%。加点のみ
M1301,ウォルフラム症候群,難病,難病・特定疾患,0,1,158,0.55%,17.8%,0,現行,,記載率17.8%。加点のみ
M1302,グルタル酸血症2型,難病,難病・特定疾患,0,1,158,0.55%,17.8%,0,現行,,記載率17.8%。加点のみ
M1303,シトステロール血症,難病,難病・特定疾患,0,1,158,0.55%,17.8%,0,現行,,記載率17.8%。加点のみ
M1304,ファイファー症候群,難病,難病・特定疾患,0,1,157,0.54%,17.8%,0,現行,,記載率17.8%。加点のみ
M1305,総排泄腔外反症,難病,難病・特定疾患,0,1,157,0.54%,17.8%,0,現行,,記載率17.8%。加点のみ
M1306,無βリポタンパク血症,難病,難病・特定疾患,0,1,156,0.54%,17.8%,0,現行,,記載率17.8%。加点のみ
M1307,グルタル酸血症1型,難病,難病・特定疾患,0,1,154,0.53%,17.8%,0,現行,,記載率17.8%。加点のみ
M1308,コフィン・シリス症候群,難病,難病・特定疾患,0,1,154,0.53%,17.8%,0,現行,,記載率17.8%。加点のみ
M1309,スミス・マギニス症候群,難病,難病・特定疾患,0,1,154,0.53%,17.8%,0,現行,,記載率17.8%。加点のみ
M1310,巨大リンパ管奇形（頚部顔面病変）,難病,難病・特定疾患,0,1,154,0.53%,17.8%,0,現行,,記載率17.8%。加点のみ
M1311,カルニチン回路異常症,難病,難病・特定疾患,0,1,153,0.53%,17.8%,0,現行,,記載率17.8%。加点のみ
M1312,リジン尿性蛋白不耐症,難病,難病・特定疾患,0,1,151,0.52%,17.8%,0,現行,,記載率17.8%。加点のみ
M1313,先天異常症候群,難病,難病・特定疾患,0,1,151,0.52%,17.8%,0,現行,,記載率17.8%。加点のみ
M1314,巨大静脈奇形（頚部口腔咽頭びまん性病変）,難病,難病・特定疾患,0,1,151,0.52%,17.8%,0,現行,,表示名は歯科に当たるが医科で使う（指定難病。`口腔` に当たっただけで、診るのは医科） / 記載率17.8%。加点のみ
M1315,第14番染色体父親性ダイソミー症候群,難病,難病・特定疾患,0,1,148,0.51%,17.8%,0,現行,,記載率17.8%。加点のみ
M1316,コフィン・ローリー症候群,難病,難病・特定疾患,0,1,147,0.51%,17.8%,0,現行,,記載率17.8%。加点のみ
M1317,中條・西村症候群,難病,難病・特定疾患,0,1,147,0.51%,17.8%,0,現行,,記載率17.8%。加点のみ
M1318,ウィーバー症候群,難病,難病・特定疾患,0,1,146,0.51%,17.8%,0,現行,,記載率17.8%。加点のみ
M1319,タンジール病,難病,難病・特定疾患,0,1,144,0.50%,17.8%,0,現行,,記載率17.8%。加点のみ
M1320,エマヌエル症候群,難病,難病・特定疾患,0,1,143,0.49%,17.8%,0,現行,,記載率17.8%。加点のみ
M1321,カーニー複合,難病,難病・特定疾患,0,1,142,0.49%,17.8%,0,現行,,記載率17.8%。加点のみ
M1322,乳幼児肝巨大血管腫,難病,難病・特定疾患,0,1,142,0.49%,17.8%,0,現行,,記載率17.8%。加点のみ
M1323,イソ吉草酸血症,難病,難病・特定疾患,0,1,140,0.48%,17.8%,0,現行,,記載率17.8%。加点のみ
M1324,ネイルパテラ症候群（爪膝蓋骨症候群）／ＬＭＸ１Ｂ関連腎症,難病,難病・特定疾患,0,1,140,0.48%,17.8%,0,現行,,記載率17.8%。加点のみ
M1325,高チロシン血症2型,難病,難病・特定疾患,0,1,138,0.48%,17.8%,0,現行,,記載率17.8%。加点のみ
M1326,カナバン病,難病,難病・特定疾患,0,1,137,0.47%,17.8%,0,現行,,記載率17.8%。加点のみ
M1327,複合カルボキシラーゼ欠損症,難病,難病・特定疾患,0,1,137,0.47%,17.8%,0,現行,,記載率17.8%。加点のみ
M1328,高チロシン血症1型,難病,難病・特定疾患,0,1,137,0.47%,17.8%,0,現行,,記載率17.8%。加点のみ
M1329,ギャロウェイ・モワト症候群,難病,難病・特定疾患,0,1,134,0.46%,17.8%,0,現行,,記載率17.8%。加点のみ
M1330,アントレー・ビクスラー症候群,難病,難病・特定疾患,0,1,133,0.46%,17.8%,0,現行,,記載率17.8%。加点のみ
M1331,高チロシン血症3型,難病,難病・特定疾患,0,1,130,0.45%,17.8%,0,現行,,記載率17.8%。加点のみ
M1332,進行性家族性肝内胆汁うっ滞症,難病,難病・特定疾患,0,1,129,0.45%,17.8%,0,現行,,記載率17.8%。加点のみ
M1333,オクシピタル・ホーン症候群,難病,難病・特定疾患,0,1,128,0.44%,17.8%,0,現行,,記載率17.8%。加点のみ
M1334,ガラクトース－１－リン酸ウリジルトランスフェラーゼ欠損症,難病,難病・特定疾患,0,1,128,0.44%,17.8%,0,現行,,記載率17.8%。加点のみ
M1335,三頭酵素欠損症,難病,難病・特定疾患,0,1,128,0.44%,17.8%,0,現行,,記載率17.8%。加点のみ
M1336,遺伝性QT延長症候群,難病,難病・特定疾患,0,1,128,0.44%,17.8%,0,現行,,記載率17.8%。加点のみ
M1337,メチルグルタコン酸尿症,難病,難病・特定疾患,0,1,127,0.44%,17.8%,0,現行,,記載率17.8%。加点のみ
M1338,ヤング・シンプソン症候群,難病,難病・特定疾患,0,1,126,0.44%,17.8%,0,現行,,記載率17.8%。加点のみ
M1339,レシチンコレステロールアシルトランスフェラーゼ欠損症,難病,難病・特定疾患,0,1,125,0.43%,17.8%,0,現行,,記載率17.8%。加点のみ
M1340,先天性葉酸吸収不全,難病,難病・特定疾患,0,1,124,0.43%,17.8%,0,現行,,記載率17.8%。加点のみ
M1341,ロスムンド・トムソン症候群,難病,難病・特定疾患,0,1,121,0.42%,17.8%,0,現行,,記載率17.8%。加点のみ
M1342,先天性グリコシルホスファチジルイノシトール（ＧＰＩ）欠損症,難病,難病・特定疾患,0,1,121,0.42%,17.8%,0,現行,,記載率17.8%。加点のみ
M1343,非ケトーシス型高グリシン血症,難病,難病・特定疾患,0,1,119,0.41%,17.8%,0,現行,,記載率17.8%。加点のみ
M1344,β―ケトチオラーゼ欠損症,難病,難病・特定疾患,0,1,117,0.40%,17.8%,0,現行,,記載率17.8%。加点のみ
M1345,骨髄線維症,難病,難病・特定疾患,0,1,114,0.39%,17.8%,0,現行,,記載率17.8%。加点のみ
M1346,セピアプテリン還元酵素（ＳＲ）欠損症,難病,難病・特定疾患,0,1,112,0.39%,17.8%,0,現行,,記載率17.8%。加点のみ
M1347,芳香族Ｌ－アミノ酸脱炭酸酵素欠損症,難病,難病・特定疾患,0,1,111,0.38%,17.8%,0,現行,,記載率17.8%。加点のみ
M1348,家族性低βリポタンパク血症１（ホモ接合体）,難病,難病・特定疾患,0,1,106,0.37%,17.8%,0,現行,,記載率17.8%。加点のみ
M1349,ハッチンソン・ギルフォード症候群,難病,難病・特定疾患,0,1,104,0.36%,17.8%,0,現行,,記載率17.8%。加点のみ
M1350,脳クレアチン欠乏症候群,難病,難病・特定疾患,0,1,104,0.36%,17.8%,0,現行,,記載率17.8%。加点のみ
M1351,先天性血液凝固因子欠乏症等,難病,難病・特定疾患,0,1,73,0.25%,17.8%,0,現行,,記載率17.8%。加点のみ
M1352,線毛機能不全症候群（カルタゲナー症候群を含む。）,難病,難病・特定疾患,0,1,70,0.24%,17.8%,0,現行,,記載率17.8%。加点のみ
M1353,蛋白喪失性腸症,難病,難病・特定疾患,0,1,68,0.24%,17.8%,0,現行,,記載率17.8%。加点のみ
M1354,プリオン病（ヒト由来乾燥硬膜移植によるクロイツフェルト・ヤコブ病に限る。）,難病,難病・特定疾患,0,1,66,0.23%,17.8%,0,現行,,記載率17.8%。加点のみ
M1355,ＭＥＣＰ２重複症候群,難病,難病・特定疾患,0,1,52,0.18%,17.8%,0,現行,,記載率17.8%。加点のみ
M1356,ＴＲＰＶ４異常症,難病,難病・特定疾患,0,1,46,0.16%,17.8%,0,現行,,記載率17.8%。加点のみ
M1357,唇顎口蓋裂治療,難病,難病・特定疾患,0,1,6,0.02%,17.8%,0,現行,疾患治療,記載率17.8%。加点のみ / 保有6件。表記ゆれの残骸でないか要確認 / 除外: 「対応可能な疾患・治療の内容」の項目名が混入している
M1358,禿頭と変形性脊椎症を伴う常染色体劣性白質脳症,難病,難病・特定疾患,0,1,3,0.01%,17.8%,0,現行,,記載率17.8%。加点のみ / 保有3件。表記ゆれの残骸でないか要確認
M1359,神経フェリチン症,難病,難病・特定疾患,0,1,2,0.01%,17.8%,0,現行,,記載率17.8%。加点のみ / 保有2件。表記ゆれの残骸でないか要確認
M1360,難病,難病,難病・特定疾患,0,1,1,0.00%,17.8%,0,現行,,記載率17.8%。加点のみ / 保有1件。表記ゆれの残骸でないか要確認 / 除外: 分類名そのもの
M1500,禁煙,専門外来,専門外来,0,1,4335,17.88%,14.9%,0,現行,,記載率14.9%。加点のみ
M1501,糖尿病,専門外来,専門外来,0,1,3143,12.96%,14.9%,0,現行,,記載率14.9%。加点のみ
M1502,もの忘れ,専門外来,専門外来,0,1,2186,9.02%,14.9%,0,現行,,記載率14.9%。加点のみ
M1503,循環器疾患,専門外来,専門外来,0,1,1643,6.78%,14.9%,0,現行,,記載率14.9%。加点のみ
M1504,アレルギー,専門外来,専門外来,0,1,1479,6.10%,14.9%,0,現行,,記載率14.9%。加点のみ
M1505,日帰り手術,専門外来,専門外来,0,1,1406,5.80%,14.9%,0,現行,,記載率14.9%。加点のみ
M1506,高血圧,専門外来,専門外来,0,1,1394,5.75%,14.9%,0,現行,疾患治療,記載率14.9%。加点のみ
M1507,リウマチ,専門外来,専門外来,0,1,1230,5.07%,14.9%,0,現行,疾患治療,記載率14.9%。加点のみ
M1508,睡眠時無呼吸症候群,専門外来,専門外来,0,1,1190,4.91%,14.9%,0,現行,,記載率14.9%。加点のみ
M1509,乳腺,専門外来,専門外来,0,1,1161,4.79%,14.9%,0,現行,,記載率14.9%。加点のみ
M1510,頭痛,専門外来,専門外来,0,1,1120,4.62%,14.9%,0,現行,,記載率14.9%。加点のみ
M1511,甲状腺,専門外来,専門外来,0,1,1021,4.21%,14.9%,0,現行,,記載率14.9%。加点のみ
M1512,喘息,専門外来,専門外来,0,1,1008,4.16%,14.9%,0,現行,疾患治療,記載率14.9%。加点のみ
M1513,更年期,専門外来,専門外来,0,1,892,3.68%,14.9%,0,現行,,記載率14.9%。加点のみ
M1514,関節,専門外来,専門外来,0,1,892,3.68%,14.9%,0,現行,,記載率14.9%。加点のみ
M1515,肝疾患,専門外来,専門外来,0,1,849,3.50%,14.9%,0,現行,,記載率14.9%。加点のみ
M1516,超音波診断,専門外来,専門外来,0,1,844,3.48%,14.9%,0,現行,,記載率14.9%。加点のみ
M1517,矯正歯科,専門外来,専門外来,0,0,832,3.43%,14.9%,1,現行,診療科目,表示名から歯科と判定。医療職のレビューで戻すことがある / 歯科。医科の逆紹介では使わない
M1518,睡眠障害,専門外来,専門外来,0,1,819,3.38%,14.9%,0,現行,疾患治療,記載率14.9%。加点のみ
M1519,ペースメーカー,専門外来,専門外来,0,1,808,3.33%,14.9%,0,現行,,記載率14.9%。加点のみ
M1520,骨粗鬆症,専門外来,専門外来,0,1,730,3.01%,14.9%,0,現行,,記載率14.9%。加点のみ
M1521,ペインクリニック,専門外来,専門外来,0,1,710,2.93%,14.9%,0,現行,,記載率14.9%。加点のみ
M1522,胃内視鏡検査,専門外来,専門外来,0,1,689,2.84%,14.9%,0,現行,,記載率14.9%。加点のみ
M1523,めまい,専門外来,専門外来,0,1,673,2.78%,14.9%,0,現行,,記載率14.9%。加点のみ
M1524,スポーツ,専門外来,専門外来,0,1,634,2.62%,14.9%,0,現行,,記載率14.9%。加点のみ
M1525,膠原病,専門外来,専門外来,0,1,626,2.58%,14.9%,0,現行,疾患治療,記載率14.9%。加点のみ
M1526,不妊,専門外来,専門外来,0,1,599,2.47%,14.9%,0,現行,,記載率14.9%。加点のみ
M1527,肥満,専門外来,専門外来,0,1,545,2.25%,14.9%,0,現行,,記載率14.9%。加点のみ
M1528,補聴器,専門外来,専門外来,0,1,538,2.22%,14.9%,0,現行,,記載率14.9%。加点のみ
M1529,インプラント,専門外来,専門外来,0,0,515,2.12%,14.9%,1,現行,疾患治療,表示名から歯科と判定。医療職のレビューで戻すことがある / 歯科。医科の逆紹介では使わない
M1530,東洋医学,専門外来,専門外来,0,1,503,2.07%,14.9%,0,現行,,記載率14.9%。加点のみ
M1531,大腸がん検診,専門外来,専門外来,0,1,492,2.03%,14.9%,0,現行,,記載率14.9%。加点のみ
M1532,大腸内視鏡,専門外来,専門外来,0,1,467,1.93%,14.9%,0,現行,,記載率14.9%。加点のみ
M1533,てんかん,専門外来,専門外来,0,1,459,1.89%,14.9%,0,現行,疾患治療,記載率14.9%。加点のみ
M1534,血液,専門外来,専門外来,0,1,441,1.82%,14.9%,0,現行,,記載率14.9%。加点のみ
M1535,透析,専門外来,専門外来,0,1,434,1.79%,14.9%,0,現行,,記載率14.9%。加点のみ
M1536,人間ドック,専門外来,専門外来,0,1,433,1.79%,14.9%,0,現行,,記載率14.9%。加点のみ
M1537,小児歯科,専門外来,専門外来,0,0,373,1.54%,14.9%,1,現行,疾患治療、診療科目,表示名から歯科と判定。医療職のレビューで戻すことがある / 歯科。医科の逆紹介では使わない
M1538,心身症,専門外来,専門外来,0,1,372,1.53%,14.9%,0,現行,,記載率14.9%。加点のみ
M1539,老人性認知症,専門外来,専門外来,0,1,372,1.53%,14.9%,0,現行,,記載率14.9%。加点のみ
M1540,小児神経,専門外来,専門外来,0,1,368,1.52%,14.9%,0,現行,,記載率14.9%。加点のみ
M1541,呼吸器疾患,専門外来,専門外来,0,1,367,1.51%,14.9%,0,現行,,記載率14.9%。加点のみ
M1542,緩和ケア,専門外来,専門外来,0,1,367,1.51%,14.9%,0,現行,,記載率14.9%。加点のみ
M1543,ペースメーカ,専門外来,専門外来,0,1,365,1.51%,14.9%,0,現行,,記載率14.9%。加点のみ
M1544,発達障害,専門外来,専門外来,0,1,364,1.50%,14.9%,0,現行,,記載率14.9%。加点のみ
M1545,口腔外科,専門外来,専門外来,0,0,344,1.42%,14.9%,1,現行,診療科目,表示名から歯科と判定。医療職のレビューで戻すことがある / 歯科。医科の逆紹介では使わない
M1546,がん検診,専門外来,専門外来,0,1,343,1.41%,14.9%,0,現行,,記載率14.9%。加点のみ
M1547,循環器内科,専門外来,専門外来,0,1,343,1.41%,14.9%,0,現行,診療科目,記載率14.9%。加点のみ
M1548,神経内科,専門外来,専門外来,0,1,343,1.41%,14.9%,0,現行,,記載率14.9%。加点のみ
M1549,ストーマ,専門外来,専門外来,0,1,338,1.39%,14.9%,0,現行,,記載率14.9%。加点のみ
M1550,歯周病,専門外来,専門外来,0,0,338,1.39%,14.9%,1,現行,,表示名から歯科と判定。医療職のレビューで戻すことがある / 歯科。医科の逆紹介では使わない
M1551,整形外科,専門外来,専門外来,0,1,310,1.28%,14.9%,0,現行,診療科目,記載率14.9%。加点のみ
M1552,女性,専門外来,専門外来,0,1,308,1.27%,14.9%,0,現行,,記載率14.9%。加点のみ
M1553,腰痛,専門外来,専門外来,0,1,302,1.25%,14.9%,0,現行,,記載率14.9%。加点のみ
M1554,老人性認知症疾患,専門外来,専門外来,0,1,292,1.20%,14.9%,0,現行,,記載率14.9%。加点のみ
M1555,栄養指導,専門外来,専門外来,0,1,277,1.14%,14.9%,0,現行,,記載率14.9%。加点のみ
M1556,児童・思春期,専門外来,専門外来,0,1,276,1.14%,14.9%,0,現行,,記載率14.9%。加点のみ
M1557,循環器,専門外来,専門外来,0,1,264,1.09%,14.9%,0,現行,,記載率14.9%。加点のみ
M1558,思春期,専門外来,専門外来,0,1,260,1.07%,14.9%,0,現行,,記載率14.9%。加点のみ
M1559,無,専門外来,専門外来,0,1,256,1.06%,14.9%,0,現行,,記載率14.9%。加点のみ
M1560,腎臓内科,専門外来,専門外来,0,1,240,0.99%,14.9%,0,現行,診療科目,記載率14.9%。加点のみ
M1561,矯正,専門外来,専門外来,0,1,233,0.96%,14.9%,0,現行,,記載率14.9%。加点のみ
M1562,前立腺,専門外来,専門外来,0,1,229,0.94%,14.9%,0,現行,,記載率14.9%。加点のみ
M1563,漢方,専門外来,専門外来,0,1,226,0.93%,14.9%,0,現行,,記載率14.9%。加点のみ
M1564,脊椎,専門外来,専門外来,0,1,219,0.90%,14.9%,0,現行,,記載率14.9%。加点のみ
M1565,消化器内科,専門外来,専門外来,0,1,214,0.88%,14.9%,0,現行,診療科目,記載率14.9%。加点のみ
M1566,呼吸器内科,専門外来,専門外来,0,1,207,0.85%,14.9%,0,現行,診療科目,記載率14.9%。加点のみ
M1567,脳ドック,専門外来,専門外来,0,1,203,0.84%,14.9%,0,現行,,記載率14.9%。加点のみ
M1568,皮膚科,専門外来,専門外来,0,1,194,0.80%,14.9%,0,現行,診療科目,記載率14.9%。加点のみ
M1569,糖尿病内科,専門外来,専門外来,0,1,194,0.80%,14.9%,0,現行,診療科目,記載率14.9%。加点のみ
M1570,審美歯科治療,専門外来,専門外来,0,0,187,0.77%,14.9%,1,現行,,表示名から歯科と判定。医療職のレビューで戻すことがある / 歯科。医科の逆紹介では使わない
M1571,神経症性障害,専門外来,専門外来,0,1,187,0.77%,14.9%,0,現行,,記載率14.9%。加点のみ
M1572,呼吸器,専門外来,専門外来,0,1,186,0.77%,14.9%,0,現行,,記載率14.9%。加点のみ
M1573,歯科口腔外科,専門外来,専門外来,0,0,185,0.76%,14.9%,1,現行,診療科目,表示名から歯科と判定。医療職のレビューで戻すことがある / 歯科。医科の逆紹介では使わない
M1574,審美歯科,専門外来,専門外来,0,0,184,0.76%,14.9%,1,現行,診療科目,表示名から歯科と判定。医療職のレビューで戻すことがある / 歯科。医科の逆紹介では使わない
M1575,内科,専門外来,専門外来,0,1,183,0.75%,14.9%,0,現行,診療科目,記載率14.9%。加点のみ
M1576,フットケア,専門外来,専門外来,0,1,179,0.74%,14.9%,0,現行,,記載率14.9%。加点のみ
M1577,肛門疾患,専門外来,専門外来,0,1,178,0.73%,14.9%,0,現行,,記載率14.9%。加点のみ
M1578,歯科,専門外来,専門外来,0,0,176,0.73%,14.9%,1,現行,診療科目,表示名から歯科と判定。医療職のレビューで戻すことがある / 歯科。医科の逆紹介では使わない
M1579,血液透析,専門外来,専門外来,0,1,172,0.71%,14.9%,0,現行,疾患治療,記載率14.9%。加点のみ
M1580,障害者歯科診療,専門外来,専門外来,0,0,172,0.71%,14.9%,1,現行,,表示名から歯科と判定。医療職のレビューで戻すことがある / 歯科。医科の逆紹介では使わない
M1581,インプラント治療,専門外来,専門外来,0,0,171,0.71%,14.9%,1,現行,,表示名から歯科と判定。医療職のレビューで戻すことがある / 歯科。医科の逆紹介では使わない
M1582,肝臓,専門外来,専門外来,0,1,171,0.71%,14.9%,0,現行,,記載率14.9%。加点のみ
M1583,強迫性障害,専門外来,専門外来,0,1,170,0.70%,14.9%,0,現行,,記載率14.9%。加点のみ
M1584,不整脈,専門外来,専門外来,0,1,164,0.68%,14.9%,0,現行,,記載率14.9%。加点のみ
M1585,予防接種,専門外来,専門外来,0,1,164,0.68%,14.9%,0,現行,,記載率14.9%。加点のみ
M1586,小児循環器,専門外来,専門外来,0,1,164,0.68%,14.9%,0,現行,,記載率14.9%。加点のみ
M1587,腎臓病,専門外来,専門外来,0,1,164,0.68%,14.9%,0,現行,,記載率14.9%。加点のみ
M1588,顎関節治療,専門外来,専門外来,0,1,163,0.67%,14.9%,0,現行,,記載率14.9%。加点のみ
M1589,尿失禁,専門外来,専門外来,0,1,157,0.65%,14.9%,0,現行,,記載率14.9%。加点のみ
M1590,自閉症,専門外来,専門外来,0,1,156,0.64%,14.9%,0,現行,,記載率14.9%。加点のみ
M1591,認知症疾患,専門外来,専門外来,0,1,156,0.64%,14.9%,0,現行,,記載率14.9%。加点のみ
M1592,歯科矯正,専門外来,専門外来,0,0,154,0.64%,14.9%,1,現行,,表示名から歯科と判定。医療職のレビューで戻すことがある / 歯科。医科の逆紹介では使わない
M1593,難聴,専門外来,専門外来,0,1,148,0.61%,14.9%,0,現行,,記載率14.9%。加点のみ
M1594,東洋医学漢方,専門外来,専門外来,0,1,147,0.61%,14.9%,0,現行,,記載率14.9%。加点のみ
M1595,矯正治療,専門外来,専門外来,0,1,147,0.61%,14.9%,0,現行,,記載率14.9%。加点のみ
M1596,腎臓,専門外来,専門外来,0,1,147,0.61%,14.9%,0,現行,,記載率14.9%。加点のみ
M1597,いびき,専門外来,専門外来,0,1,146,0.60%,14.9%,0,現行,,記載率14.9%。加点のみ
M1598,泌尿器,専門外来,専門外来,0,1,142,0.59%,14.9%,0,現行,,記載率14.9%。加点のみ
M1599,口臭,専門外来,専門外来,0,1,141,0.58%,14.9%,0,現行,,記載率14.9%。加点のみ
M1600,外来化学療法,専門外来,専門外来,0,1,139,0.57%,14.9%,0,現行,,記載率14.9%。加点のみ
M1601,パニック障害,専門外来,専門外来,0,1,137,0.57%,14.9%,0,現行,,記載率14.9%。加点のみ
M1602,泌尿器科,専門外来,専門外来,0,1,137,0.57%,14.9%,0,現行,診療科目,記載率14.9%。加点のみ
M1603,予防歯科,専門外来,専門外来,0,0,135,0.56%,14.9%,1,現行,診療科目,表示名から歯科と判定。医療職のレビューで戻すことがある / 歯科。医科の逆紹介では使わない
M1604,セカンドオピニオン,専門外来,専門外来,0,1,134,0.55%,14.9%,0,現行,,記載率14.9%。加点のみ
M1605,内分泌,専門外来,専門外来,0,1,129,0.53%,14.9%,0,現行,,記載率14.9%。加点のみ
M1606,育児相談,専門外来,専門外来,0,1,125,0.52%,14.9%,0,現行,,記載率14.9%。加点のみ
M1607,人工肛門,専門外来,専門外来,0,1,124,0.51%,14.9%,0,現行,,記載率14.9%。加点のみ
M1608,義歯,専門外来,専門外来,0,0,124,0.51%,14.9%,1,現行,,表示名から歯科と判定。医療職のレビューで戻すことがある / 歯科。医科の逆紹介では使わない
M1609,緑内障,専門外来,専門外来,0,1,123,0.51%,14.9%,0,現行,,記載率14.9%。加点のみ
M1610,拒食症・過食症,専門外来,専門外来,0,1,120,0.49%,14.9%,0,現行,,記載率14.9%。加点のみ
M1611,スポーツ外傷・障害,専門外来,専門外来,0,1,119,0.49%,14.9%,0,現行,,記載率14.9%。加点のみ
M1612,小児科,専門外来,専門外来,0,1,119,0.49%,14.9%,0,現行,診療科目,記載率14.9%。加点のみ
M1613,下肢静脈瘤,専門外来,専門外来,0,1,118,0.49%,14.9%,0,現行,,記載率14.9%。加点のみ
M1614,乳腺外科,専門外来,専門外来,0,1,116,0.48%,14.9%,0,現行,診療科目,記載率14.9%。加点のみ
M1615,脳神経外科,専門外来,専門外来,0,1,115,0.47%,14.9%,0,現行,診療科目,記載率14.9%。加点のみ
M1616,脳神経内科,専門外来,専門外来,0,1,111,0.46%,14.9%,0,現行,診療科目,記載率14.9%。加点のみ
M1617,遺伝,専門外来,専門外来,0,1,110,0.45%,14.9%,0,現行,,記載率14.9%。加点のみ
M1618,リンパ浮腫,専門外来,専門外来,0,1,109,0.45%,14.9%,0,現行,,記載率14.9%。加点のみ
M1619,抗加齢,専門外来,専門外来,0,1,109,0.45%,14.9%,0,現行,,記載率14.9%。加点のみ
M1620,顎関節症,専門外来,専門外来,0,1,108,0.45%,14.9%,0,現行,,記載率14.9%。加点のみ
M1621,助産師,専門外来,専門外来,0,1,107,0.44%,14.9%,0,現行,,記載率14.9%。加点のみ
M1622,小児アレルギー,専門外来,専門外来,0,1,106,0.44%,14.9%,0,現行,,記載率14.9%。加点のみ
M1623,学習障害,専門外来,専門外来,0,1,103,0.42%,14.9%,0,現行,,記載率14.9%。加点のみ
M1624,血液内科,専門外来,専門外来,0,1,103,0.42%,14.9%,0,現行,診療科目,記載率14.9%。加点のみ
M1625,一般歯科,専門外来,専門外来,0,0,102,0.42%,14.9%,1,現行,,表示名から歯科と判定。医療職のレビューで戻すことがある / 歯科。医科の逆紹介では使わない
M1626,男性更年期,専門外来,専門外来,0,1,102,0.42%,14.9%,0,現行,,記載率14.9%。加点のみ
M1627,なし,専門外来,専門外来,0,1,100,0.41%,14.9%,0,現行,,記載率14.9%。加点のみ
M1628,形成外科,専門外来,専門外来,0,1,100,0.41%,14.9%,0,現行,診療科目,記載率14.9%。加点のみ
M1629,発熱,専門外来,専門外来,0,1,98,0.40%,14.9%,0,現行,,記載率14.9%。加点のみ
M1630,リウマチ科,専門外来,専門外来,0,1,93,0.38%,14.9%,0,現行,診療科目,記載率14.9%。加点のみ
M1631,消化器,専門外来,専門外来,0,1,93,0.38%,14.9%,0,現行,,記載率14.9%。加点のみ
M1632,アルコール・薬物依存症,専門外来,専門外来,0,1,85,0.35%,14.9%,0,現行,,記載率14.9%。加点のみ
M1633,性同一性障害,専門外来,専門外来,0,1,84,0.35%,14.9%,0,現行,疾患治療,記載率14.9%。加点のみ
M1634,炎症性腸疾患,専門外来,専門外来,0,1,84,0.35%,14.9%,0,現行,,記載率14.9%。加点のみ
M1635,腫瘍,専門外来,専門外来,0,1,80,0.33%,14.9%,0,現行,,記載率14.9%。加点のみ
M1636,心療内科,専門外来,専門外来,0,1,78,0.32%,14.9%,0,現行,診療科目,記載率14.9%。加点のみ
M1637,ホワイトニング,専門外来,専門外来,0,1,77,0.32%,14.9%,0,現行,,記載率14.9%。加点のみ
M1638,夜尿症,専門外来,専門外来,0,1,77,0.32%,14.9%,0,現行,,記載率14.9%。加点のみ
M1639,手の外科,専門外来,専門外来,0,1,77,0.32%,14.9%,0,現行,,記載率14.9%。加点のみ
M1640,パーキンソン病,専門外来,専門外来,0,1,76,0.31%,14.9%,0,現行,難病,記載率14.9%。加点のみ
M1641,小児心臓,専門外来,専門外来,0,1,76,0.31%,14.9%,0,現行,,記載率14.9%。加点のみ
M1642,眼科,専門外来,専門外来,0,1,76,0.31%,14.9%,0,現行,診療科目,記載率14.9%。加点のみ
M1643,診療台にじっとしていられる障害者のみ可能,専門外来,専門外来,0,1,75,0.31%,14.9%,0,現行,,記載率14.9%。加点のみ
M1644,障害者歯科外来のみ可能),専門外来,専門外来,0,0,74,0.31%,14.9%,1,現行,,表示名から歯科と判定。医療職のレビューで戻すことがある / 歯科。医科の逆紹介では使わない
M1645,乳児健診,専門外来,専門外来,0,1,73,0.30%,14.9%,0,現行,,記載率14.9%。加点のみ
M1646,小児内分泌,専門外来,専門外来,0,1,72,0.30%,14.9%,0,現行,,記載率14.9%。加点のみ
M1647,小児腎臓,専門外来,専門外来,0,1,72,0.30%,14.9%,0,現行,,記載率14.9%。加点のみ
M1648,股関節,専門外来,専門外来,0,1,72,0.30%,14.9%,0,現行,,記載率14.9%。加点のみ
M1649,障害者歯科診療※診療台にじっとしていられる場合,専門外来,専門外来,0,0,70,0.29%,14.9%,1,現行,,表示名から歯科と判定。医療職のレビューで戻すことがある / 歯科。医科の逆紹介では使わない
M1650,ケミカルピーリング,専門外来,専門外来,0,1,69,0.28%,14.9%,0,現行,,記載率14.9%。加点のみ
M1651,婦人科,専門外来,専門外来,0,1,69,0.28%,14.9%,0,現行,診療科目,記載率14.9%。加点のみ
M1652,無し,専門外来,専門外来,0,1,68,0.28%,14.9%,0,現行,,記載率14.9%。加点のみ
M1653,母乳,専門外来,専門外来,0,1,66,0.27%,14.9%,0,現行,,記載率14.9%。加点のみ
M1654,睡眠,専門外来,専門外来,0,1,66,0.27%,14.9%,0,現行,,記載率14.9%。加点のみ
M1655,リハビリテーション科,専門外来,専門外来,0,1,65,0.27%,14.9%,0,現行,診療科目,記載率14.9%。加点のみ
M1656,発達,専門外来,専門外来,0,1,65,0.27%,14.9%,0,現行,,記載率14.9%。加点のみ
M1657,外科,専門外来,専門外来,0,1,60,0.25%,14.9%,0,現行,診療科目,記載率14.9%。加点のみ
M1658,摂食障害,専門外来,専門外来,0,1,60,0.25%,14.9%,0,現行,,記載率14.9%。加点のみ
M1659,精神科,専門外来,専門外来,0,1,60,0.25%,14.9%,0,現行,診療科目,記載率14.9%。加点のみ
M1660,装具,専門外来,専門外来,0,1,59,0.24%,14.9%,0,現行,,記載率14.9%。加点のみ
M1661,物質依存症,専門外来,専門外来,0,1,58,0.24%,14.9%,0,現行,,記載率14.9%。加点のみ
M1662,ヘルニア,専門外来,専門外来,0,1,57,0.24%,14.9%,0,現行,,記載率14.9%。加点のみ
M1663,レーザー,専門外来,専門外来,0,1,57,0.24%,14.9%,0,現行,,記載率14.9%。加点のみ
M1664,嚥下,専門外来,専門外来,0,1,57,0.24%,14.9%,0,現行,,記載率14.9%。加点のみ
M1665,小児精神科,専門外来,専門外来,0,1,57,0.24%,14.9%,0,現行,,記載率14.9%。加点のみ
M1666,肝臓内科,専門外来,専門外来,0,1,57,0.24%,14.9%,0,現行,診療科目,記載率14.9%。加点のみ
M1667,ロービジョン,専門外来,専門外来,0,1,56,0.23%,14.9%,0,現行,,記載率14.9%。加点のみ
M1668,血管外科,専門外来,専門外来,0,1,56,0.23%,14.9%,0,現行,疾患治療、診療科目,記載率14.9%。加点のみ
M1669,生活習慣病,専門外来,専門外来,0,1,55,0.23%,14.9%,0,現行,,記載率14.9%。加点のみ
M1670,心臓血管外科,専門外来,専門外来,0,1,54,0.22%,14.9%,0,現行,診療科目,記載率14.9%。加点のみ
M1671,手外科,専門外来,専門外来,0,1,53,0.22%,14.9%,0,現行,,記載率14.9%。加点のみ
M1672,肛門,専門外来,専門外来,0,1,53,0.22%,14.9%,0,現行,,記載率14.9%。加点のみ
M1673,腹膜透析,専門外来,専門外来,0,1,53,0.22%,14.9%,0,現行,在宅医療,記載率14.9%。加点のみ
M1674,便秘,専門外来,専門外来,0,1,52,0.21%,14.9%,0,現行,,記載率14.9%。加点のみ
M1675,漢方内科,専門外来,専門外来,0,1,51,0.21%,14.9%,0,現行,診療科目,記載率14.9%。加点のみ
M1676,神経,専門外来,専門外来,0,1,51,0.21%,14.9%,0,現行,,記載率14.9%。加点のみ
M1677,心臓,専門外来,専門外来,0,1,50,0.21%,14.9%,0,現行,,記載率14.9%。加点のみ
M1678,顎関節,専門外来,専門外来,0,1,50,0.21%,14.9%,0,現行,,記載率14.9%。加点のみ
M1679,肩関節,専門外来,専門外来,0,1,49,0.20%,14.9%,0,現行,,記載率14.9%。加点のみ
M1680,呼吸器外科,専門外来,専門外来,0,1,48,0.20%,14.9%,0,現行,診療科目,記載率14.9%。加点のみ
M1681,小児外科,専門外来,専門外来,0,1,47,0.19%,14.9%,0,現行,診療科目,記載率14.9%。加点のみ
M1682,摂食・嚥下,専門外来,専門外来,0,1,47,0.19%,14.9%,0,現行,,記載率14.9%。加点のみ
M1683,美容皮膚科,専門外来,専門外来,0,1,47,0.19%,14.9%,0,現行,診療科目,記載率14.9%。加点のみ
M1684,ED,専門外来,専門外来,0,1,46,0.19%,14.9%,0,現行,,記載率14.9%。加点のみ
M1685,アルコール依存症,専門外来,専門外来,0,1,46,0.19%,14.9%,0,現行,疾患治療,記載率14.9%。加点のみ
M1686,スポーツ歯科,専門外来,専門外来,0,0,46,0.19%,14.9%,1,現行,,表示名から歯科と判定。医療職のレビューで戻すことがある / 歯科。医科の逆紹介では使わない
M1687,人工透析,専門外来,専門外来,0,1,46,0.19%,14.9%,0,現行,,記載率14.9%。加点のみ
M1688,内分泌内科,専門外来,専門外来,0,1,46,0.19%,14.9%,0,現行,診療科目,記載率14.9%。加点のみ
M1689,心臓血管,専門外来,専門外来,0,1,44,0.18%,14.9%,0,現行,,記載率14.9%。加点のみ
M1690,膝関節,専門外来,専門外来,0,1,44,0.18%,14.9%,0,現行,,記載率14.9%。加点のみ
M1691,リウマチ・膠原病,専門外来,専門外来,0,1,43,0.18%,14.9%,0,現行,,記載率14.9%。加点のみ
M1692,人工関節,専門外来,専門外来,0,1,43,0.18%,14.9%,0,現行,,記載率14.9%。加点のみ
M1693,角膜,専門外来,専門外来,0,1,43,0.18%,14.9%,0,現行,,記載率14.9%。加点のみ
M1694,障害者歯科,専門外来,専門外来,0,0,43,0.18%,14.9%,1,現行,,表示名から歯科と判定。医療職のレビューで戻すことがある / 歯科。医科の逆紹介では使わない
M1695,小児眼科,専門外来,専門外来,0,1,41,0.17%,14.9%,0,現行,,記載率14.9%。加点のみ
M1696,引きこもり,専門外来,専門外来,0,1,41,0.17%,14.9%,0,現行,,記載率14.9%。加点のみ
M1697,ボトックス,専門外来,専門外来,0,1,40,0.16%,14.9%,0,現行,,記載率14.9%。加点のみ
M1698,遺伝カウンセリング,専門外来,専門外来,0,1,39,0.16%,14.9%,0,現行,,記載率14.9%。加点のみ
M1699,網膜硝子体,専門外来,専門外来,0,1,38,0.16%,14.9%,0,現行,,記載率14.9%。加点のみ
M1800,病院との連携,在宅医療,他施設との連携,0,1,74954,75.97%,60.7%,0,現行,,記載率60.7%。加点のみ
M1801,診療所との連携,在宅医療,他施設との連携,0,1,55490,56.24%,60.7%,0,現行,,記載率60.7%。加点のみ
M1802,薬局との連携,在宅医療,他施設との連携,0,1,47838,48.48%,60.7%,0,現行,,記載率60.7%。加点のみ
M1803,訪問看護ステーションとの連携,在宅医療,他施設との連携,0,1,43769,44.36%,60.7%,0,現行,,記載率60.7%。加点のみ
M1804,居宅介護支援事業所との連携,在宅医療,他施設との連携,0,1,39773,40.31%,60.7%,0,現行,,記載率60.7%。加点のみ
M1805,在宅自己注射指導管理,在宅医療,在宅療養指導,0,1,33970,34.43%,60.7%,0,現行,,記載率60.7%。加点のみ
M1806,往診（終日対応でないもの）,在宅医療,在宅医療,0,1,33833,34.29%,60.7%,0,現行,,記載率60.7%。加点のみ
M1807,訪問看護指示,在宅医療,在宅医療,0,1,32221,32.66%,60.7%,0,現行,,記載率60.7%。加点のみ
M1808,在宅酸素療法指導管理,在宅医療,在宅療養指導,0,1,29026,29.42%,60.7%,0,現行,,記載率60.7%。加点のみ
M1809,歯科訪問診療,在宅医療,在宅医療,0,0,27633,28.01%,60.7%,1,現行,,表示名から歯科と判定。医療職のレビューで戻すことがある / 歯科。医科の逆紹介では使わない
M1810,点滴の管理,在宅医療,診療内容,0,1,26441,26.80%,60.7%,0,現行,,記載率60.7%。加点のみ
M1811,在宅患者訪問診療,在宅医療,在宅医療,0,1,26088,26.44%,60.7%,0,現行,,記載率60.7%。加点のみ
M1812,酸素療法,在宅医療,診療内容,0,1,25380,25.72%,60.7%,0,現行,,記載率60.7%。加点のみ
M1813,在宅持続陽圧呼吸療法指導管理,在宅医療,在宅療養指導,0,1,20928,21.21%,60.7%,0,現行,,記載率60.7%。加点のみ
M1814,褥瘡の管理,在宅医療,診療内容,0,1,20233,20.51%,60.7%,0,現行,,記載率60.7%。加点のみ
M1815,尿カテーテル,在宅医療,診療内容,0,1,19160,19.42%,60.7%,0,現行,,記載率60.7%。加点のみ
M1816,疼痛の管理,在宅医療,診療内容,0,1,18557,18.81%,60.7%,0,現行,,記載率60.7%。加点のみ
M1817,経管栄養,在宅医療,診療内容,0,1,18074,18.32%,60.7%,0,現行,,記載率60.7%。加点のみ
M1818,在宅ターミナルケアの対応,在宅医療,診療内容,0,1,15841,16.06%,60.7%,0,現行,,記載率60.7%。加点のみ
M1819,在宅患者訪問点滴注射管理指導,在宅医療,在宅医療,0,1,15579,15.79%,60.7%,0,現行,,記載率60.7%。加点のみ
M1820,訪問歯科衛生指導,在宅医療,在宅医療,0,0,15420,15.63%,60.7%,1,現行,,表示名から歯科と判定。医療職のレビューで戻すことがある / 歯科。医科の逆紹介では使わない
M1821,往診（終日対応）,在宅医療,在宅医療,0,1,15244,15.45%,60.7%,0,現行,,記載率60.7%。加点のみ
M1822,在宅寝たきり患者処置指導管理,在宅医療,在宅療養指導,0,1,14125,14.32%,60.7%,0,現行,,記載率60.7%。加点のみ
M1823,中心静脈栄養,在宅医療,診療内容,0,1,12680,12.85%,60.7%,0,現行,,記載率60.7%。加点のみ
M1824,在宅自己導尿指導管理,在宅医療,在宅療養指導,0,1,12557,12.73%,60.7%,0,現行,,記載率60.7%。加点のみ
M1825,気管切開部の処置,在宅医療,診療内容,0,1,12501,12.67%,60.7%,0,現行,,記載率60.7%。加点のみ
M1826,在宅時医学総合管理(オンライン在宅管理に係るもの以外),在宅医療,在宅医療,0,1,12235,12.40%,60.7%,0,現行,,記載率60.7%。加点のみ
M1827,在宅患者訪問看護・指導,在宅医療,在宅医療,0,1,11762,11.92%,60.7%,0,現行,,記載率60.7%。加点のみ
M1828,在宅中心静脈栄養法指導管理,在宅医療,在宅療養指導,0,1,11062,11.21%,60.7%,0,現行,,記載率60.7%。加点のみ
M1829,人工肛門の管理,在宅医療,診療内容,0,1,10957,11.11%,60.7%,0,現行,疾患治療,記載率60.7%。加点のみ
M1830,モニター測定,在宅医療,診療内容,0,1,10873,11.02%,60.7%,0,現行,,記載率60.7%。加点のみ
M1831,退院時共同指導,在宅医療,在宅医療,0,1,10634,10.78%,60.7%,0,現行,,記載率60.7%。加点のみ
M1832,歯科疾患在宅療養管理,在宅医療,在宅医療,0,0,10388,10.53%,60.7%,1,現行,,表示名から歯科と判定。医療職のレビューで戻すことがある / 歯科。医科の逆紹介では使わない
M1833,施設入居時等医学総合管理,在宅医療,在宅医療,0,1,10112,10.25%,60.7%,0,現行,,記載率60.7%。加点のみ
M1834,在宅成分栄養経管栄養法指導管理,在宅医療,在宅療養指導,0,1,9914,10.05%,60.7%,0,現行,,記載率60.7%。加点のみ
M1835,在宅人工呼吸指導管理,在宅医療,在宅療養指導,0,1,9375,9.50%,60.7%,0,現行,,記載率60.7%。加点のみ
M1836,在宅がん医療総合診療,在宅医療,在宅医療,0,1,9361,9.49%,60.7%,0,現行,,記載率60.7%。加点のみ
M1837,在宅悪性腫瘍等患者指導管理,在宅医療,在宅療養指導,0,1,8129,8.24%,60.7%,0,現行,,記載率60.7%。加点のみ
M1838,在宅患者訪問リハビリテーション指導管理,在宅医療,在宅医療,0,1,7868,7.97%,60.7%,0,現行,,記載率60.7%。加点のみ
M1839,在宅気管切開患者指導管理,在宅医療,在宅療養指導,0,1,7656,7.76%,60.7%,0,現行,,記載率60.7%。加点のみ
M1840,レスピレーター,在宅医療,診療内容,0,1,7326,7.42%,60.7%,0,現行,,記載率60.7%。加点のみ
M1841,在宅患者歯科治療時医療管理,在宅医療,在宅医療,0,0,6982,7.08%,60.7%,1,現行,,表示名から歯科と判定。医療職のレビューで戻すことがある / 歯科。医科の逆紹介では使わない
M1842,救急搬送診療,在宅医療,在宅医療,0,1,6918,7.01%,60.7%,0,現行,,記載率60.7%。加点のみ
M1843,退院前在宅療養指導管理,在宅医療,在宅療養指導,0,1,6790,6.88%,60.7%,0,現行,,記載率60.7%。加点のみ
M1844,介護職員等喀痰吸引等指示,在宅医療,在宅医療,0,1,6718,6.81%,60.7%,0,現行,,記載率60.7%。加点のみ
M1845,人工膀胱の管理,在宅医療,診療内容,0,1,6168,6.25%,60.7%,0,現行,,記載率60.7%。加点のみ
M1846,在宅患者訪問口腔リハビリテーション指導管理,在宅医療,在宅医療,0,0,6114,6.20%,60.7%,1,現行,,表示名から歯科と判定。医療職のレビューで戻すことがある / 歯科。医科の逆紹介では使わない
M1847,在宅患者連携指導,在宅医療,在宅医療,0,1,5020,5.09%,60.7%,0,現行,,記載率60.7%。加点のみ
M1848,在宅患者緊急時等カンファレンス,在宅医療,在宅医療,0,1,4923,4.99%,60.7%,0,現行,,記載率60.7%。加点のみ
M1849,在宅患者訪問薬剤管理指導,在宅医療,在宅医療,0,1,4713,4.78%,60.7%,0,現行,,記載率60.7%。加点のみ
M1850,在宅自己疼痛管理指導管理,在宅医療,在宅療養指導,0,1,4586,4.65%,60.7%,0,現行,,記載率60.7%。加点のみ
M1851,在宅半固形栄養経管栄養法指導管理,在宅医療,在宅療養指導,0,1,4465,4.53%,60.7%,0,現行,,記載率60.7%。加点のみ
M1852,在宅患者訪問栄養食事指導,在宅医療,在宅医療,0,1,3184,3.23%,60.7%,0,現行,,記載率60.7%。加点のみ
M1853,歯科診療所との連携,在宅医療,他施設との連携,0,1,3097,3.14%,60.7%,0,現行,,表示名は歯科に当たるが医科で使う（歯科と連携している側の属性。医科の診療所が持つ） / 記載率60.7%。加点のみ
M1854,精神科訪問看護指示,在宅医療,在宅医療,0,1,3089,3.13%,60.7%,0,現行,,記載率60.7%。加点のみ
M1855,在宅患者共同診療,在宅医療,在宅医療,0,1,2951,2.99%,60.7%,0,現行,,記載率60.7%。加点のみ
M1856,在宅時医学総合管理(オンライン在宅管理に係るもの),在宅医療,在宅医療,0,1,2717,2.75%,60.7%,0,現行,,記載率60.7%。加点のみ
M1857,在宅患者訪問褥瘡管理指導,在宅医療,在宅医療,0,1,2696,2.73%,60.7%,0,現行,,記載率60.7%。加点のみ
M1858,小児在宅患者訪問口腔リハビリテーション指導管理,在宅医療,在宅医療,0,0,2484,2.52%,60.7%,1,現行,,表示名から歯科と判定。医療職のレビューで戻すことがある / 歯科。医科の逆紹介では使わない
M1859,在宅自己腹膜灌流指導管理,在宅医療,在宅療養指導,0,1,2236,2.27%,60.7%,0,現行,,記載率60.7%。加点のみ
M1860,腹膜透析,在宅医療,診療内容,0,1,2227,2.26%,60.7%,0,現行,専門外来,記載率60.7%。加点のみ
M1861,在宅悪性腫瘍患者共同指導管理,在宅医療,在宅療養指導,0,1,2087,2.12%,60.7%,0,現行,,記載率60.7%。加点のみ
M1862,在宅時医学総合管理,在宅医療,在宅医療,0,1,1712,1.74%,60.7%,0,現行,,記載率60.7%。加点のみ
M1863,胃ろうの管理,在宅医療,診療内容,0,1,1543,1.56%,60.7%,0,現行,,記載率60.7%。加点のみ
M1864,精神科訪問看護・指導,在宅医療,在宅医療,0,1,1492,1.51%,60.7%,0,現行,疾患治療,記載率60.7%。加点のみ
M1865,在宅時医学管理(特定疾患療養管理),在宅医療,在宅医療,0,1,1243,1.26%,60.7%,0,現行,,記載率60.7%。加点のみ
M1866,在宅肺高血圧症患者指導管理,在宅医療,在宅療養指導,0,1,1216,1.23%,60.7%,0,現行,,記載率60.7%。加点のみ
M1867,在宅経腸投薬指導管理,在宅医療,在宅療養指導,0,1,1189,1.21%,60.7%,0,現行,,記載率60.7%。加点のみ
M1868,在宅小児経管栄養法指導管理,在宅医療,在宅療養指導,0,1,1139,1.15%,60.7%,0,現行,,記載率60.7%。加点のみ
M1869,在宅妊娠糖尿病患者指導管理,在宅医療,在宅療養指導,0,1,1126,1.14%,60.7%,0,現行,,記載率60.7%。加点のみ
M1870,医療保険による訪問看護,在宅医療,在宅医療,0,1,894,0.91%,60.7%,0,現行,,記載率60.7%。加点のみ
M1871,地域連携退院時共同指導,在宅医療,在宅医療,0,1,846,0.86%,60.7%,0,現行,,記載率60.7%。加点のみ
M1872,同一建物居住者訪問看護・指導,在宅医療,在宅医療,0,1,842,0.85%,60.7%,0,現行,,記載率60.7%。加点のみ
M1873,寝たきり老人訪問指導管理,在宅医療,在宅療養指導,0,1,789,0.80%,60.7%,0,現行,,記載率60.7%。加点のみ
M1874,在宅血液透析指導管理,在宅医療,在宅療養指導,0,1,743,0.75%,60.7%,0,現行,,記載率60.7%。加点のみ
M1875,在宅難治性皮膚疾患処置指導管理,在宅医療,在宅療養指導,0,1,698,0.71%,60.7%,0,現行,,記載率60.7%。加点のみ
M1876,マスクによる人工呼吸器,在宅医療,診療内容,0,1,592,0.60%,60.7%,0,現行,,記載率60.7%。加点のみ
M1877,在宅時医学管理(難病外来患者指導管理),在宅医療,在宅医療,0,1,591,0.60%,60.7%,0,現行,,記載率60.7%。加点のみ
M1878,退院前在宅療養指導管理（乳幼児加算）,在宅医療,在宅療養指導,0,1,507,0.51%,60.7%,0,現行,,記載率60.7%。加点のみ
M1879,在宅小児低血糖症患者指導管理,在宅医療,在宅療養指導,0,1,415,0.42%,60.7%,0,現行,,記載率60.7%。加点のみ
M1880,精神科在宅患者支援管理（オンライン在宅管理に係るもの以外）,在宅医療,在宅医療,0,1,353,0.36%,60.7%,0,現行,,記載率60.7%。加点のみ
M1881,在宅経肛門的自己洗腸指導管理,在宅医療,在宅療養指導,0,1,309,0.31%,60.7%,0,現行,,記載率60.7%。加点のみ
M1882,在宅振戦等刺激装置治療指導管理,在宅医療,在宅療養指導,0,1,282,0.29%,60.7%,0,現行,,記載率60.7%。加点のみ
M1883,在宅植込型補助人工心臓（非拍動流型）指導管理,在宅医療,在宅療養指導,0,1,230,0.23%,60.7%,0,現行,,記載率60.7%。加点のみ
M1884,自己腹膜透析（CAPD）の管理,在宅医療,診療内容,0,1,229,0.23%,60.7%,0,現行,,記載率60.7%。加点のみ
M1885,在宅腫瘍治療電場療法指導管理,在宅医療,在宅療養指導,0,1,219,0.22%,60.7%,0,現行,,記載率60.7%。加点のみ
M1886,薬剤師派遣による服薬指導,在宅医療,在宅医療,0,1,200,0.20%,60.7%,0,現行,,記載率60.7%。加点のみ
M1887,在宅迷走神経電気刺激治療指導管理,在宅医療,在宅療養指導,0,1,183,0.19%,60.7%,0,現行,,記載率60.7%。加点のみ
M1888,管理栄養士派遣による栄養指導,在宅医療,在宅医療,0,1,174,0.18%,60.7%,0,現行,,記載率60.7%。加点のみ
M1889,在宅時医学管理(皮膚科特定疾患指導管理),在宅医療,在宅医療,0,1,156,0.16%,60.7%,0,現行,,記載率60.7%。加点のみ
M1890,在宅患者訪問診療（乳幼児加算）,在宅医療,在宅医療,0,1,133,0.13%,60.7%,0,現行,,記載率60.7%。加点のみ
M1891,在宅時医学管理(小児科療養指導),在宅医療,在宅医療,0,1,133,0.13%,60.7%,0,現行,,記載率60.7%。加点のみ
M1892,在宅仙骨神経刺激療法指導管理,在宅医療,在宅療養指導,0,1,131,0.13%,60.7%,0,現行,,記載率60.7%。加点のみ
M1893,在宅時医学総合管理（特定疾患療養指導）,在宅医療,在宅医療,0,1,131,0.13%,60.7%,0,現行,,記載率60.7%。加点のみ
M1894,高齢者訪問歯科診療,在宅医療,在宅医療,0,0,127,0.13%,60.7%,1,現行,,表示名から歯科と判定。医療職のレビューで戻すことがある / 歯科。医科の逆紹介では使わない
M1895,高齢者訪問口腔ケア,在宅医療,在宅医療,0,0,109,0.11%,60.7%,1,現行,,表示名から歯科と判定。医療職のレビューで戻すことがある / 歯科。医科の逆紹介では使わない
M1896,精神科在宅患者支援管理（オンライン在宅管理に係るもの）,在宅医療,在宅医療,0,1,105,0.11%,60.7%,0,現行,,記載率60.7%。加点のみ
M1897,在宅患者訪問看護・指導（乳幼児加算）,在宅医療,在宅医療,0,1,75,0.08%,60.7%,0,現行,,記載率60.7%。加点のみ / 保有75件。表記ゆれの残骸でないか要確認
M1898,障害者訪問口腔ケア,在宅医療,在宅医療,0,0,58,0.06%,60.7%,1,現行,,表示名から歯科と判定。医療職のレビューで戻すことがある / 歯科。医科の逆紹介では使わない
M1899,在宅時医学総合管理（難病外来患者指導管理）,在宅医療,在宅医療,0,1,57,0.06%,60.7%,0,現行,,記載率60.7%。加点のみ / 保有57件。表記ゆれの残骸でないか要確認
M1900,障害者訪問歯科診療,在宅医療,在宅医療,0,0,57,0.06%,60.7%,1,現行,,表示名から歯科と判定。医療職のレビューで戻すことがある / 歯科。医科の逆紹介では使わない
M1901,在宅時医学管理(小児悪性腫瘍患者指導管理),在宅医療,在宅医療,0,1,54,0.05%,60.7%,0,現行,,記載率60.7%。加点のみ / 保有54件。表記ゆれの残骸でないか要確認
M1902,在宅療養機器貸出,在宅医療,在宅医療,0,1,27,0.03%,60.7%,0,現行,,記載率60.7%。加点のみ / 保有27件。表記ゆれの残骸でないか要確認
M1903,在宅時医学総合管理（小児科療養指導）,在宅医療,在宅医療,0,1,13,0.01%,60.7%,0,現行,,記載率60.7%。加点のみ / 保有13件。表記ゆれの残骸でないか要確認
M1904,精神科在宅患者支援管理（オンライン在宅管理に係るものに限る）,在宅医療,在宅医療,0,1,6,0.01%,60.7%,0,現行,,記載率60.7%。加点のみ / 保有6件。表記ゆれの残骸でないか要確認
M1905,在宅時医学総合管理（皮膚科特定疾患指導管理）,在宅医療,在宅医療,0,1,5,0.01%,60.7%,0,現行,,記載率60.7%。加点のみ / 保有5件。表記ゆれの残骸でないか要確認
M1906,１６ｋｍ圏内,在宅医療,他施設との連携,0,1,4,0.00%,60.7%,0,現行,,記載率60.7%。加点のみ / 保有4件。表記ゆれの残骸でないか要確認 / 除外: 往診可能範囲の自由記述が混入している
M1907,１６キロメートル以内,在宅医療,他施設との連携,0,1,2,0.00%,60.7%,0,現行,,記載率60.7%。加点のみ / 保有2件。表記ゆれの残骸でないか要確認 / 除外: 往診可能範囲の自由記述が混入している
M1908,おおい町、高浜町,在宅医療,他施設との連携,0,1,1,0.00%,60.7%,0,現行,,記載率60.7%。加点のみ / 保有1件。表記ゆれの残骸でないか要確認 / 除外: 往診可能範囲の自由記述が混入している
M1909,かかりつけの患者の対応のみ,在宅医療,他施設との連携,0,1,1,0.00%,60.7%,0,現行,,記載率60.7%。加点のみ / 保有1件。表記ゆれの残骸でないか要確認 / 除外: 往診可能範囲の自由記述が混入している
M1910,かかりつけ患者のみ対応,在宅医療,他施設との連携,0,1,1,0.00%,60.7%,0,現行,,記載率60.7%。加点のみ / 保有1件。表記ゆれの残骸でないか要確認 / 除外: 往診可能範囲の自由記述が混入している
M1911,保険診療適応範囲内なら可能,在宅医療,他施設との連携,0,1,1,0.00%,60.7%,0,現行,,記載率60.7%。加点のみ / 保有1件。表記ゆれの残骸でないか要確認 / 除外: 往診可能範囲の自由記述が混入している
M1912,半径１６km以内,在宅医療,他施設との連携,0,1,1,0.00%,60.7%,0,現行,,記載率60.7%。加点のみ / 保有1件。表記ゆれの残骸でないか要確認 / 除外: 往診可能範囲の自由記述が混入している
M1913,半径１６キロ,在宅医療,他施設との連携,0,1,1,0.00%,60.7%,0,現行,,記載率60.7%。加点のみ / 保有1件。表記ゆれの残骸でないか要確認 / 除外: 往診可能範囲の自由記述が混入している
M1914,半径１６キロ以内,在宅医療,他施設との連携,0,1,1,0.00%,60.7%,0,現行,,記載率60.7%。加点のみ / 保有1件。表記ゆれの残骸でないか要確認 / 除外: 往診可能範囲の自由記述が混入している
M1915,半径１６キロ圏内,在宅医療,他施設との連携,0,1,1,0.00%,60.7%,0,現行,,記載率60.7%。加点のみ / 保有1件。表記ゆれの残骸でないか要確認 / 除外: 往診可能範囲の自由記述が混入している
M1916,半径１６ｋｍ未満,在宅医療,他施設との連携,0,1,1,0.00%,60.7%,0,現行,,記載率60.7%。加点のみ / 保有1件。表記ゆれの残骸でないか要確認 / 除外: 往診可能範囲の自由記述が混入している
M1917,坂井地区（あわら市・坂井市）,在宅医療,他施設との連携,0,1,1,0.00%,60.7%,0,現行,,記載率60.7%。加点のみ / 保有1件。表記ゆれの残骸でないか要確認 / 除外: 往診可能範囲の自由記述が混入している
M1918,小浜市,在宅医療,他施設との連携,0,1,1,0.00%,60.7%,0,現行,,記載率60.7%。加点のみ / 保有1件。表記ゆれの残骸でないか要確認 / 除外: 往診可能範囲の自由記述が混入している
M1919,当院より半径１６キロメートル以内の方,在宅医療,他施設との連携,0,1,1,0.00%,60.7%,0,現行,,記載率60.7%。加点のみ / 保有1件。表記ゆれの残骸でないか要確認 / 除外: 往診可能範囲の自由記述が混入している
M1920,往復１５分以内。,在宅医療,他施設との連携,0,1,1,0.00%,60.7%,0,現行,,記載率60.7%。加点のみ / 保有1件。表記ゆれの残骸でないか要確認 / 除外: 往診可能範囲の自由記述が混入している
M1921,往診なし,在宅医療,他施設との連携,0,1,1,0.00%,60.7%,0,現行,,記載率60.7%。加点のみ / 保有1件。表記ゆれの残骸でないか要確認 / 除外: 往診可能範囲の自由記述が混入している
M1922,往診はおこなっていません,在宅医療,他施設との連携,0,1,1,0.00%,60.7%,0,現行,,記載率60.7%。加点のみ / 保有1件。表記ゆれの残骸でないか要確認 / 除外: 往診可能範囲の自由記述が混入している
M1923,旧名田庄村と小浜市中名田地区,在宅医療,他施設との連携,0,1,1,0.00%,60.7%,0,現行,,記載率60.7%。加点のみ / 保有1件。表記ゆれの残骸でないか要確認 / 除外: 往診可能範囲の自由記述が混入している
M1924,決めていない,在宅医療,他施設との連携,0,1,1,0.00%,60.7%,0,現行,,記載率60.7%。加点のみ / 保有1件。表記ゆれの残骸でないか要確認 / 除外: 往診可能範囲の自由記述が混入している
M1925,法定範囲内,在宅医療,他施設との連携,0,1,1,0.00%,60.7%,0,現行,,記載率60.7%。加点のみ / 保有1件。表記ゆれの残骸でないか要確認 / 除外: 往診可能範囲の自由記述が混入している
M1926,現在の往診中の老人保健施設のみ,在宅医療,他施設との連携,0,1,1,0.00%,60.7%,0,現行,,記載率60.7%。加点のみ / 保有1件。表記ゆれの残骸でないか要確認 / 除外: 往診可能範囲の自由記述が混入している
M1927,町内,在宅医療,他施設との連携,0,1,1,0.00%,60.7%,0,現行,,記載率60.7%。加点のみ / 保有1件。表記ゆれの残骸でないか要確認 / 除外: 往診可能範囲の自由記述が混入している
M1928,町内区に限る,在宅医療,他施設との連携,0,1,1,0.00%,60.7%,0,現行,,記載率60.7%。加点のみ / 保有1件。表記ゆれの残骸でないか要確認 / 除外: 往診可能範囲の自由記述が混入している
M1929,福井市北部および北西部地域,在宅医療,他施設との連携,0,1,1,0.00%,60.7%,0,現行,,記載率60.7%。加点のみ / 保有1件。表記ゆれの残骸でないか要確認 / 除外: 往診可能範囲の自由記述が混入している
M1930,範囲は応相談,在宅医療,他施設との連携,0,1,1,0.00%,60.7%,0,現行,,記載率60.7%。加点のみ / 保有1件。表記ゆれの残骸でないか要確認 / 除外: 往診可能範囲の自由記述が混入している
M1931,若狭町・美浜町の一部,在宅医療,他施設との連携,0,1,1,0.00%,60.7%,0,現行,,記載率60.7%。加点のみ / 保有1件。表記ゆれの残骸でないか要確認 / 除外: 往診可能範囲の自由記述が混入している
M1932,要相談,在宅医療,他施設との連携,0,1,1,0.00%,60.7%,0,現行,,記載率60.7%。加点のみ / 保有1件。表記ゆれの残骸でないか要確認 / 除外: 往診可能範囲の自由記述が混入している
M1933,訪問先との距離が１６キロ以内,在宅医療,他施設との連携,0,1,1,0.00%,60.7%,0,現行,,記載率60.7%。加点のみ / 保有1件。表記ゆれの残骸でないか要確認 / 除外: 往診可能範囲の自由記述が混入している
M1934,近隣市まで,在宅医療,他施設との連携,0,1,1,0.00%,60.7%,0,現行,,記載率60.7%。加点のみ / 保有1件。表記ゆれの残骸でないか要確認 / 除外: 往診可能範囲の自由記述が混入している
M1935,近隣３０分程度,在宅医療,他施設との連携,0,1,1,0.00%,60.7%,0,現行,,記載率60.7%。加点のみ / 保有1件。表記ゆれの残骸でないか要確認 / 除外: 往診可能範囲の自由記述が混入している
M1936,電話での相談をお願いいたします。,在宅医療,他施設との連携,0,1,1,0.00%,60.7%,0,現行,,記載率60.7%。加点のみ / 保有1件。表記ゆれの残骸でないか要確認 / 除外: 往診可能範囲の自由記述が混入している
M1937,１６キロメートル内,在宅医療,他施設との連携,0,1,1,0.00%,60.7%,0,現行,,記載率60.7%。加点のみ / 保有1件。表記ゆれの残骸でないか要確認 / 除外: 往診可能範囲の自由記述が混入している
M1938,１６キロ以内　当院通院患者,在宅医療,他施設との連携,0,1,1,0.00%,60.7%,0,現行,,記載率60.7%。加点のみ / 保有1件。表記ゆれの残骸でないか要確認 / 除外: 往診可能範囲の自由記述が混入している
M1939,１６キロ圏内,在宅医療,他施設との連携,0,1,1,0.00%,60.7%,0,現行,,記載率60.7%。加点のみ / 保有1件。表記ゆれの残骸でないか要確認 / 除外: 往診可能範囲の自由記述が混入している
M1940,１６Ｋｍ以内,在宅医療,他施設との連携,0,1,1,0.00%,60.7%,0,現行,,記載率60.7%。加点のみ / 保有1件。表記ゆれの残骸でないか要確認 / 除外: 往診可能範囲の自由記述が混入している
M1941,３キロ圏内　その他応相談,在宅医療,他施設との連携,0,1,1,0.00%,60.7%,0,現行,,記載率60.7%。加点のみ / 保有1件。表記ゆれの残骸でないか要確認 / 除外: 往診可能範囲の自由記述が混入している
M1942,３キロ圏内、その他応相談,在宅医療,他施設との連携,0,1,1,0.00%,60.7%,0,現行,,記載率60.7%。加点のみ / 保有1件。表記ゆれの残骸でないか要確認 / 除外: 往診可能範囲の自由記述が混入している
M2000,居宅療養管理指導,介護サービス,居宅サービス,0,1,10665,59.98%,10.9%,0,現行,,記載率10.9%。加点のみ
M2001,居宅介護支援,介護サービス,居宅介護支援,0,1,6114,34.39%,10.9%,0,現行,,記載率10.9%。加点のみ
M2002,訪問看護,介護サービス,居宅サービス,0,1,5924,33.32%,10.9%,0,現行,,記載率10.9%。加点のみ
M2003,介護予防居宅療養管理指導,介護サービス,介護予防サービス,0,1,5471,30.77%,10.9%,0,現行,,記載率10.9%。加点のみ
M2004,訪問リハビリテーション,介護サービス,居宅サービス,0,1,5302,29.82%,10.9%,0,現行,,記載率10.9%。加点のみ
M2005,通所リハビリテーション,介護サービス,居宅サービス,0,1,5039,28.34%,10.9%,0,現行,,記載率10.9%。加点のみ
M2006,介護予防通所リハビリテーション,介護サービス,介護予防サービス,0,1,4527,25.46%,10.9%,0,現行,,記載率10.9%。加点のみ
M2007,介護予防訪問リハビリテーション,介護サービス,介護予防サービス,0,1,4186,23.54%,10.9%,0,現行,,記載率10.9%。加点のみ
M2008,介護予防支援,介護サービス,介護予防支援,0,1,3601,20.25%,10.9%,0,現行,,記載率10.9%。加点のみ
M2009,介護予防訪問看護,介護サービス,介護予防サービス,0,1,3495,19.66%,10.9%,0,現行,,記載率10.9%。加点のみ
M2010,介護保健施設サービス,介護サービス,施設サービス,0,1,1729,9.72%,10.9%,0,現行,,記載率10.9%。加点のみ
M2011,通所介護,介護サービス,居宅サービス,0,1,1654,9.30%,10.9%,0,現行,,記載率10.9%。加点のみ
M2012,訪問介護,介護サービス,居宅サービス,0,1,1583,8.90%,10.9%,0,現行,,記載率10.9%。加点のみ
M2013,短期入所療養介護,介護サービス,居宅サービス,0,1,1463,8.23%,10.9%,0,現行,,記載率10.9%。加点のみ
M2014,介護予防短期入所療養介護,介護サービス,介護予防サービス,0,1,1241,6.98%,10.9%,0,現行,,記載率10.9%。加点のみ
M2015,介護福祉施設サービス,介護サービス,施設サービス,0,1,1080,6.07%,10.9%,0,現行,,記載率10.9%。加点のみ
M2016,認知症対応型共同生活介護,介護サービス,地域密着型サービス,0,1,1062,5.97%,10.9%,0,現行,,記載率10.9%。加点のみ
M2017,短期入所生活介護,介護サービス,居宅サービス,0,1,870,4.89%,10.9%,0,現行,,記載率10.9%。加点のみ
M2018,介護予防認知症対応型共同生活介護,介護サービス,介護予防地域密着型サービス,0,1,806,4.53%,10.9%,0,現行,,記載率10.9%。加点のみ
M2019,介護医療院サービス,介護サービス,施設サービス,0,1,787,4.43%,10.9%,0,現行,,記載率10.9%。加点のみ
M2020,介護予防短期入所生活介護,介護サービス,介護予防サービス,0,1,656,3.69%,10.9%,0,現行,,記載率10.9%。加点のみ
M2021,小規模多機能型居宅介護,介護サービス,地域密着型サービス,0,1,442,2.49%,10.9%,0,現行,,記載率10.9%。加点のみ
M2022,認知症対応型通所介護,介護サービス,地域密着型サービス,0,1,371,2.09%,10.9%,0,現行,,記載率10.9%。加点のみ
M2023,福祉用具貸与,介護サービス,居宅サービス,0,1,354,1.99%,10.9%,0,現行,,記載率10.9%。加点のみ
M2024,特定施設入居者生活介護,介護サービス,居宅サービス,0,1,352,1.98%,10.9%,0,現行,,記載率10.9%。加点のみ
M2025,地域密着型通所介護,介護サービス,地域密着型サービス,0,1,350,1.97%,10.9%,0,現行,,記載率10.9%。加点のみ
M2026,介護予防認知症対応型通所介護,介護サービス,介護予防地域密着型サービス,0,1,345,1.94%,10.9%,0,現行,,記載率10.9%。加点のみ
M2027,第一号通所事業,介護サービス,地域支援事業,0,1,345,1.94%,10.9%,0,現行,,記載率10.9%。加点のみ
M2028,介護予防小規模多機能型居宅介護,介護サービス,介護予防地域密着型サービス,0,1,336,1.89%,10.9%,0,現行,,記載率10.9%。加点のみ
M2029,第一号訪問事業,介護サービス,地域支援事業,0,1,283,1.59%,10.9%,0,現行,,記載率10.9%。加点のみ
M2030,定期巡回・随時対応型訪問介護看護,介護サービス,地域密着型サービス,0,1,252,1.42%,10.9%,0,現行,,記載率10.9%。加点のみ
M2031,介護予防特定施設入居者生活介護,介護サービス,介護予防サービス,0,1,229,1.29%,10.9%,0,現行,,記載率10.9%。加点のみ
M2032,特定福祉用具販売,介護サービス,居宅サービス,0,1,228,1.28%,10.9%,0,現行,,記載率10.9%。加点のみ
M2033,訪問入浴介護,介護サービス,居宅サービス,0,1,210,1.18%,10.9%,0,現行,,記載率10.9%。加点のみ
M2034,介護予防福祉用具貸与,介護サービス,介護予防サービス,0,1,208,1.17%,10.9%,0,現行,,記載率10.9%。加点のみ
M2035,特定介護予防福祉用具販売,介護サービス,介護予防サービス,0,1,151,0.85%,10.9%,0,現行,,記載率10.9%。加点のみ
M2036,地域密着型介護老人福祉施設入所者生活介護,介護サービス,地域密着型サービス,0,1,148,0.83%,10.9%,0,現行,,記載率10.9%。加点のみ
M2037,介護予防訪問入浴介護,介護サービス,介護予防サービス,0,1,132,0.74%,10.9%,0,現行,,記載率10.9%。加点のみ
M2038,地域密着型特定施設入居者生活介護,介護サービス,地域密着型サービス,0,1,125,0.70%,10.9%,0,現行,,記載率10.9%。加点のみ
M2039,夜間対応型訪問介護,介護サービス,地域密着型サービス,0,1,97,0.55%,10.9%,0,現行,,記載率10.9%。加点のみ
M2040,複合型サービス,介護サービス,地域密着型サービス,0,1,93,0.52%,10.9%,0,現行,,記載率10.9%。加点のみ
M2041,介護療養施設サービス,介護サービス,施設サービス,0,1,87,0.49%,10.9%,0,現行,,記載率10.9%。加点のみ
M2042,介護予防通所介護,介護サービス,介護予防サービス,0,1,55,0.31%,10.9%,0,現行,,記載率10.9%。加点のみ
M2043,介護予防訪問介護,介護サービス,介護予防サービス,0,1,35,0.20%,10.9%,0,現行,,記載率10.9%。加点のみ
M2100,聴覚障害者への配慮（筆談など文字による対応）,障害者サービス,障害者サービス,0,1,71817,87.75%,50.4%,0,現行,,記載率50.4%。加点のみ / 保有率が9割近く絞り込みに寄与しない
M2101,聴覚障害者への配慮（施設内情報の表示）,障害者サービス,障害者サービス,0,1,16719,20.43%,50.4%,0,現行,,記載率50.4%。加点のみ
M2102,視覚障害者への配慮（施設内案内等音声表示対応）,障害者サービス,障害者サービス,0,1,5618,6.86%,50.4%,0,現行,,記載率50.4%。加点のみ
M2103,視覚障害者への配慮（施設内点字ブロック設置）,障害者サービス,障害者サービス,0,1,5241,6.40%,50.4%,0,現行,,記載率50.4%。加点のみ
M2104,聴覚障害者への配慮（手話による対応）,障害者サービス,障害者サービス,0,1,3307,4.04%,50.4%,0,現行,,記載率50.4%。加点のみ
M2105,診療室のユニットが間仕切りで区切られている,障害者サービス,障害者サービス,0,0,3142,3.84%,50.4%,1,現行,,歯科。医科の逆紹介では使わない
M2106,近くにコインパーキングがある（障害者の利用が困難なものを除く）,障害者サービス,障害者サービス,0,1,2682,3.28%,50.4%,0,現行,,記載率50.4%。加点のみ
M2107,開口器がある,障害者サービス,障害者サービス,0,0,2372,2.90%,50.4%,1,現行,,歯科。医科の逆紹介では使わない
M2108,診療情報の提供,障害者サービス,障害者サービス,0,1,2102,2.57%,50.4%,0,現行,,記載率50.4%。加点のみ
M2109,一部介助（ユニットへの移乗などに介助が必要）の患者に対応できる,障害者サービス,障害者サービス,0,0,1860,2.27%,50.4%,1,現行,,歯科。医科の逆紹介では使わない
M2110,視覚障害者への配慮（点字による診療内容等表示対応）,障害者サービス,障害者サービス,0,1,1858,2.27%,50.4%,0,現行,,記載率50.4%。加点のみ
M2111,診療計画書の実施,障害者サービス,障害者サービス,0,1,1680,2.05%,50.4%,0,現行,,記載率50.4%。加点のみ
M2112,聴覚障害者の受け入れが可能,障害者サービス,障害者サービス,0,1,1663,2.03%,50.4%,0,現行,,記載率50.4%。加点のみ
M2113,個室の診療室がある,障害者サービス,障害者サービス,0,1,1567,1.91%,50.4%,0,現行,,記載率50.4%。加点のみ
M2114,施設内の情報の表示,障害者サービス,障害者サービス,0,1,1462,1.79%,50.4%,0,現行,,記載率50.4%。加点のみ
M2115,患者専用の駐車場がある（障害者の利用が困難なものを除く）,障害者サービス,障害者サービス,0,1,1196,1.46%,50.4%,0,現行,,記載率50.4%。加点のみ
M2116,身体障害者歯科診療可能,障害者サービス,障害者サービス,0,0,1196,1.46%,50.4%,1,現行,,歯科。医科の逆紹介では使わない
M2117,視覚障害者の受け入れが可能,障害者サービス,障害者サービス,0,1,1167,1.43%,50.4%,0,現行,,記載率50.4%。加点のみ
M2118,身体障害者の受け入れが可能,障害者サービス,障害者サービス,0,1,1128,1.38%,50.4%,0,現行,,記載率50.4%。加点のみ
M2119,心疾患、脳血管障害疾患患者の歯科診療可能,障害者サービス,障害者サービス,0,0,1096,1.34%,50.4%,1,現行,,歯科。医科の逆紹介では使わない
M2120,発達障害者の受け入れが可能,障害者サービス,障害者サービス,0,1,1028,1.26%,50.4%,0,現行,,記載率50.4%。加点のみ
M2121,知的障害者歯科診療可能,障害者サービス,障害者サービス,0,0,1011,1.24%,50.4%,1,現行,,歯科。医科の逆紹介では使わない
M2122,知的障害者の受け入れが可能,障害者サービス,障害者サービス,0,1,971,1.19%,50.4%,0,現行,,記載率50.4%。加点のみ
M2123,感染症患者歯科診療可能,障害者サービス,障害者サービス,0,0,845,1.03%,50.4%,1,現行,,歯科。医科の逆紹介では使わない
M2124,音声による情報の伝達,障害者サービス,障害者サービス,0,1,807,0.99%,50.4%,0,現行,,記載率50.4%。加点のみ
M2125,精神疾患患者の歯科診療可能,障害者サービス,障害者サービス,0,0,767,0.94%,50.4%,1,現行,,歯科。医科の逆紹介では使わない
M2126,防災体制マニュアル有り,障害者サービス,障害者サービス,0,1,750,0.92%,50.4%,0,現行,,記載率50.4%。加点のみ
M2127,聴覚障害者への配慮（絵カード等による診療内容の説明ツールがある）,障害者サービス,障害者サービス,0,1,712,0.87%,50.4%,0,現行,,記載率50.4%。加点のみ
M2128,車いすのまま（ユニットに移動せず）診療ができる,障害者サービス,障害者サービス,0,0,684,0.84%,50.4%,1,現行,,歯科。医科の逆紹介では使わない
M2129,シェーグレン患者の歯科診療可能,障害者サービス,障害者サービス,0,0,612,0.75%,50.4%,1,現行,,歯科。医科の逆紹介では使わない
M2130,施設内点字ブロックの設置,障害者サービス,障害者サービス,0,1,574,0.70%,50.4%,0,現行,,記載率50.4%。加点のみ
M2131,姿勢の保持ができない患者に対応できる,障害者サービス,障害者サービス,0,1,398,0.49%,50.4%,0,現行,,記載率50.4%。加点のみ
M2132,手話による対応,障害者サービス,障害者サービス,0,1,332,0.41%,50.4%,0,現行,,記載率50.4%。加点のみ
M2133,苦情相談窓口の設置,障害者サービス,障害者サービス,0,1,318,0.39%,50.4%,0,現行,,記載率50.4%。加点のみ
M2134,障害児（者）への訪問歯科診療を実施している,障害者サービス,障害者サービス,0,0,308,0.38%,50.4%,1,現行,,歯科。医科の逆紹介では使わない
M2135,診療への協力の得られない障害者（児）に対応できる,障害者サービス,障害者サービス,0,1,307,0.38%,50.4%,0,現行,,記載率50.4%。加点のみ
M2136,抑制具（レストレイナー（Ｒ）など）がある,障害者サービス,障害者サービス,0,0,263,0.32%,50.4%,1,現行,,歯科。医科の逆紹介では使わない
M2137,待合室に間仕切りがある,障害者サービス,障害者サービス,0,1,260,0.32%,50.4%,0,現行,,記載率50.4%。加点のみ
M2138,点字による表示,障害者サービス,障害者サービス,0,1,218,0.27%,50.4%,0,現行,,記載率50.4%。加点のみ
M2139,全介助（動作に対し全面的に介助が必要）の患者に対応できる,障害者サービス,障害者サービス,0,1,173,0.21%,50.4%,0,現行,,記載率50.4%。加点のみ
M2140,全盲患者の介護等を行うボランティア有り,障害者サービス,障害者サービス,0,1,109,0.13%,50.4%,0,現行,,記載率50.4%。加点のみ
M2141,個室の待合室がある,障害者サービス,障害者サービス,0,1,104,0.13%,50.4%,0,現行,,記載率50.4%。加点のみ
M2142,同伴児童の一時預かり有り,障害者サービス,障害者サービス,0,1,90,0.11%,50.4%,0,現行,,記載率50.4%。加点のみ
M2143,家族が宿泊できる施設あり,障害者サービス,障害者サービス,0,1,76,0.09%,50.4%,0,現行,,記載率50.4%。加点のみ / 保有76件。表記ゆれの残骸でないか要確認
M2144,ハートビル法による認定,障害者サービス,障害者サービス,0,1,19,0.02%,50.4%,0,現行,,記載率50.4%。加点のみ / 保有19件。表記ゆれの残骸でないか要確認
M2145,オストメイトへの配慮（専用トイレの設置）,障害者サービス,障害者サービス,0,1,1,0.00%,50.4%,0,現行,,記載率50.4%。加点のみ / 保有1件。表記ゆれの残骸でないか要確認
M2146,乳児をもつ保護者への配慮（授乳室の設置）,障害者サービス,障害者サービス,0,1,1,0.00%,50.4%,0,現行,,記載率50.4%。加点のみ / 保有1件。表記ゆれの残骸でないか要確認
M2200,施設のバリアフリー化,車椅子サービス,車椅子,0,0,89167,96.17%,57.1%,0,現行,,保有率96.2%で絞り込みに寄与しない / 保有率が9割超で絞り込みに寄与しない
M2201,バリアフリートイレ,車椅子サービス,車椅子,0,1,43077,46.46%,57.1%,0,現行,,記載率57.1%。加点のみ
M2202,車椅子利用者用の駐車施設,車椅子サービス,車椅子,0,1,29561,31.88%,57.1%,0,現行,,記載率57.1%。加点のみ / 改修で消えた項目。今後更新されない
M2203,ベビーカーやバギーでの乗り入れ可能,車椅子サービス,車椅子,0,1,1,0.00%,57.1%,0,現行,,記載率57.1%。加点のみ / 保有1件。表記ゆれの残骸でないか要確認 / 除外: 自由記述の紛れ込み
M2204,車椅子対応の入り口あり、座席あり,車椅子サービス,車椅子,0,1,1,0.00%,57.1%,0,現行,,記載率57.1%。加点のみ / 保有1件。表記ゆれの残骸でないか要確認 / 除外: 自由記述の紛れ込み
M2205,透析患者さま無料送迎あり（車椅子の患者さま対応可能）,車椅子サービス,車椅子,0,1,1,0.00%,57.1%,0,現行,,記載率57.1%。加点のみ / 保有1件。表記ゆれの残骸でないか要確認 / 除外: 自由記述の紛れ込み
M2250,保険医療機関,指定医療機関,指定医療機関,0,0,141769,99.61%,87.6%,0,現行,,保有率99.6%で絞り込みに寄与しない / 保有率が9割超のため検索対象外
M2251,生活保護法指定医療機関(中国残留邦人等の円滑な帰国の促進並びに永住帰国した中国残留邦人等及び特定配偶者の自立の支援に関する法律（平成６年法律第30号） に基づく指定医療機関を含む。),指定医療機関,指定医療機関,1,1,103115,72.45%,87.6%,0,現行,,必須にすると記載の無い12.4%が落ちる
M2252,労災保険指定医療機関,指定医療機関,指定医療機関,1,1,42558,29.90%,87.6%,0,現行,,必須にすると記載の無い12.4%が落ちる
M2253,原子爆弾被害者一般疾病医療機関,指定医療機関,指定医療機関,1,1,34956,24.56%,87.6%,0,現行,,必須にすると記載の無い12.4%が落ちる
M2254,難病の患者に対する医療等に関する法律（平成２６年法律第５０号）に基づく指定医療機関,指定医療機関,指定医療機関,1,1,23187,16.29%,87.6%,0,現行,,必須にすると記載の無い12.4%が落ちる
M2255,身体障害者福祉法指定医の配置されている医療機関,指定医療機関,指定医療機関,1,1,22194,15.59%,87.6%,0,現行,,必須にすると記載の無い12.4%が落ちる
M2256,結核指定医療機関,指定医療機関,指定医療機関,1,1,19286,13.55%,87.6%,0,現行,,必須にすると記載の無い12.4%が落ちる
M2257,原子爆弾被害者指定医療機関,指定医療機関,指定医療機関,1,1,12245,8.60%,87.6%,0,現行,,必須にすると記載の無い12.4%が落ちる
M2258,指定自立支援医療機関（精神通院医療）,指定医療機関,指定医療機関,1,1,12114,8.51%,87.6%,0,現行,,必須にすると記載の無い12.4%が落ちる
M2259,在宅療養支援診療所,指定医療機関,指定医療機関,1,1,10096,7.09%,87.6%,0,現行,,必須にすると記載の無い12.4%が落ちる
M2260,高齢者の医療の確保に関する法律（昭和５７年法律第８０号） 第７条第１項に規定する医療保険各法及び同法に基づく療養等の給付の対象とならない医療並びに公費負担医療を行わない医療機関,指定医療機関,指定医療機関,1,1,8250,5.80%,87.6%,0,現行,,必須にすると記載の無い12.4%が落ちる
M2261,指定自立支援医療機関（更生医療）,指定医療機関,指定医療機関,1,1,7897,5.55%,87.6%,0,現行,,必須にすると記載の無い12.4%が落ちる
M2262,指定小児慢性特定疾病医療機関,指定医療機関,指定医療機関,1,1,7730,5.43%,87.6%,0,現行,,必須にすると記載の無い12.4%が落ちる
M2263,公害医療機関,指定医療機関,指定医療機関,1,1,6789,4.77%,87.6%,0,現行,,必須にすると記載の無い12.4%が落ちる
M2264,精神保健指定医の配置されている医療機関,指定医療機関,指定医療機関,1,1,5869,4.12%,87.6%,0,現行,,必須にすると記載の無い12.4%が落ちる
M2265,指定自立支援医療機関（育成医療）,指定医療機関,指定医療機関,1,1,4863,3.42%,87.6%,0,現行,,必須にすると記載の無い12.4%が落ちる
M2266,在宅療養支援歯科診療所,指定医療機関,指定医療機関,0,0,4315,3.03%,87.6%,1,現行,,表示名から歯科と判定。医療職のレビューで戻すことがある / 歯科。医科の逆紹介では使わない
M2267,母体保護法指定医の配置されている医療機関,指定医療機関,指定医療機関,1,1,3961,2.78%,87.6%,0,現行,,必須にすると記載の無い12.4%が落ちる
M2268,特定疾患治療研究事業委託医療機関,指定医療機関,指定医療機関,1,1,2482,1.74%,87.6%,0,現行,,必須にすると記載の無い12.4%が落ちる
M2269,臨床研修病院,指定医療機関,指定医療機関,1,1,2004,1.41%,87.6%,0,現行,,必須にすると記載の無い12.4%が落ちる
M2270,医療保護施設(中国残留邦人等の円滑な帰国の促進並びに永住帰国した中国残留邦人等及び特定配偶者の自立の支援に関する法律に基づく医療保護施設を含む。),指定医療機関,指定医療機関,1,1,1993,1.40%,87.6%,0,現行,,必須にすると記載の無い12.4%が落ちる
M2271,難病の患者に対する医療等に関する法律に基づく指定医の配置されている医療機関,指定医療機関,指定医療機関,1,1,1813,1.27%,87.6%,0,現行,,必須にすると記載の無い12.4%が落ちる
M2272,DPC 対象病院,指定医療機関,指定医療機関,1,1,1760,1.24%,87.6%,0,現行,,必須にすると記載の無い12.4%が落ちる
M2273,在宅療養支援病院,指定医療機関,指定医療機関,1,1,1542,1.08%,87.6%,0,現行,,必須にすると記載の無い12.4%が落ちる
M2274,戦傷病者特別援護法指定医療機関,指定医療機関,指定医療機関,1,1,1460,1.03%,87.6%,0,現行,,必須にすると記載の無い12.4%が落ちる
M2275,精神保健及び精神障害者福祉に関する法律（昭和25 年法律第123 号）に基づく指定病院又は応急入院指定病院,指定医療機関,指定医療機関,1,1,1108,0.78%,87.6%,0,現行,,必須にすると記載の無い12.4%が落ちる
M2276,指定養育医療機関,指定医療機関,指定医療機関,1,1,835,0.59%,87.6%,0,現行,,必須にすると記載の無い12.4%が落ちる
M2277,無料低額診療事業実施医療機関,指定医療機関,指定医療機関,1,1,808,0.57%,87.6%,0,現行,,必須にすると記載の無い12.4%が落ちる
M2278,災害拠点病院,指定医療機関,指定医療機関,1,1,791,0.56%,87.6%,0,現行,,必須にすると記載の無い12.4%が落ちる
M2279,地域医療支援病院,指定医療機関,指定医療機関,1,1,728,0.51%,87.6%,0,現行,,必須にすると記載の無い12.4%が落ちる
M2280,第二種感染症指定医療機関,指定医療機関,指定医療機関,1,1,702,0.49%,87.6%,0,現行,,必須にすると記載の無い12.4%が落ちる
M2281,在宅療養支援診療所・在宅療養支援病院,指定医療機関,指定医療機関,1,1,603,0.42%,87.6%,0,現行,,必須にすると記載の無い12.4%が落ちる
M2282,歯科外来診療環境体制加算届出医療機関,指定医療機関,指定医療機関,0,0,565,0.40%,87.6%,1,現行,,表示名から歯科と判定。医療職のレビューで戻すことがある / 歯科。医科の逆紹介では使わない
M2283,がん診療連携拠点病院等,指定医療機関,指定医療機関,1,1,527,0.37%,87.6%,0,現行,,必須にすると記載の無い12.4%が落ちる
M2284,在宅療養後方支援病院,指定医療機関,指定医療機関,1,1,491,0.34%,87.6%,0,現行,,必須にすると記載の無い12.4%が落ちる
M2285,紹介受診重点病院,指定医療機関,指定医療機関,1,1,482,0.34%,87.6%,0,現行,,必須にすると記載の無い12.4%が落ちる
M2286,臨床修練病院等,指定医療機関,指定医療機関,1,1,469,0.33%,87.6%,0,現行,,必須にすると記載の無い12.4%が落ちる
M2287,単独型臨床研修施設若しくは管理型臨床研修施設,指定医療機関,指定医療機関,1,1,389,0.27%,87.6%,0,現行,,必須にすると記載の無い12.4%が落ちる
M2288,エイズ治療拠点病院,指定医療機関,指定医療機関,1,1,371,0.26%,87.6%,0,現行,,必須にすると記載の無い12.4%が落ちる
M2289,病院群輪番制参加医療機関,指定医療機関,指定医療機関,1,1,369,0.26%,87.6%,0,現行,,必須にすると記載の無い12.4%が落ちる
M2290,特定行為研修指定研修機関,指定医療機関,指定医療機関,1,1,366,0.26%,87.6%,0,現行,,必須にすると記載の無い12.4%が落ちる
M2291,へき地医療拠点病院,指定医療機関,指定医療機関,1,1,345,0.24%,87.6%,0,現行,,必須にすると記載の無い12.4%が落ちる
M2292,第一種感染症指定医療機関,指定医療機関,指定医療機関,1,1,331,0.23%,87.6%,0,現行,,必須にすると記載の無い12.4%が落ちる
M2293,救命救急センター,指定医療機関,指定医療機関,1,1,311,0.22%,87.6%,0,現行,,必須にすると記載の無い12.4%が落ちる
M2294,地域周産期母子医療センター,指定医療機関,指定医療機関,1,1,297,0.21%,87.6%,0,現行,,必須にすると記載の無い12.4%が落ちる
M2295,外国人の患者を受け入れる拠点的な医療機関,指定医療機関,指定医療機関,1,1,277,0.19%,87.6%,0,現行,,必須にすると記載の無い12.4%が落ちる
M2296,特定感染症指定医療機関,指定医療機関,指定医療機関,1,1,252,0.18%,87.6%,0,現行,,必須にすると記載の無い12.4%が落ちる
M2297,肝疾患診療連携拠点病院,指定医療機関,指定医療機関,1,1,236,0.17%,87.6%,0,現行,,必須にすると記載の無い12.4%が落ちる
M2298,不妊専門相談センター,指定医療機関,指定医療機関,1,1,158,0.11%,87.6%,0,現行,,必須にすると記載の無い12.4%が落ちる
M2299,指定療育機関,指定医療機関,指定医療機関,1,1,144,0.10%,87.6%,0,現行,,必須にすると記載の無い12.4%が落ちる
M2300,救急告示医療機関,指定医療機関,指定医療機関,1,1,133,0.09%,87.6%,0,現行,,必須にすると記載の無い12.4%が落ちる / 保有133件。表記ゆれの残骸でないか要確認
M2301,小児慢性特定疾患治療研究事業委託医療機関,指定医療機関,指定医療機関,1,1,129,0.09%,87.6%,0,現行,,必須にすると記載の無い12.4%が落ちる / 保有129件。表記ゆれの残骸でないか要確認
M2302,総合周産期母子医療センター,指定医療機関,指定医療機関,1,1,118,0.08%,87.6%,0,現行,,必須にすると記載の無い12.4%が落ちる / 保有118件。表記ゆれの残骸でないか要確認
M2303,特定機能病院,指定医療機関,指定医療機関,1,1,86,0.06%,87.6%,0,現行,,必須にすると記載の無い12.4%が落ちる / 保有86件。表記ゆれの残骸でないか要確認
M2304,がんゲノム医療中核拠点病院等,指定医療機関,指定医療機関,1,1,85,0.06%,87.6%,0,現行,,必須にすると記載の無い12.4%が落ちる / 保有85件。表記ゆれの残骸でないか要確認
M2305,生活保護法指定医療機関(うち、医科),指定医療機関,指定医療機関,1,1,77,0.05%,87.6%,0,現行,,必須にすると記載の無い12.4%が落ちる / 保有77件。表記ゆれの残骸でないか要確認
M2306,性犯罪・性暴力被害者のためのワンストップ支援センター,指定医療機関,指定医療機関,1,1,72,0.05%,87.6%,0,現行,,必須にすると記載の無い12.4%が落ちる / 保有72件。表記ゆれの残骸でないか要確認
M2307,都道府県アレルギー疾患医療拠点病院,指定医療機関,指定医療機関,1,1,71,0.05%,87.6%,0,現行,,必須にすると記載の無い12.4%が落ちる / 保有71件。表記ゆれの残骸でないか要確認
M2308,小児救急医療拠点病院,指定医療機関,指定医療機関,1,1,68,0.05%,87.6%,0,現行,,必須にすると記載の無い12.4%が落ちる / 保有68件。表記ゆれの残骸でないか要確認
M2309,臨床教授等病院,指定医療機関,指定医療機関,1,1,37,0.03%,87.6%,0,現行,,必須にすると記載の無い12.4%が落ちる / 保有37件。表記ゆれの残骸でないか要確認
M2310,臨床研究中核病院,指定医療機関,指定医療機関,1,1,30,0.02%,87.6%,0,現行,,必須にすると記載の無い12.4%が落ちる / 保有30件。表記ゆれの残骸でないか要確認
M2311,地域歯科診療支援病院,指定医療機関,指定医療機関,0,0,29,0.02%,87.6%,1,現行,,表示名から歯科と判定。医療職のレビューで戻すことがある / 歯科。医科の逆紹介では使わない
M2312,看護師特定行為研修指定研修機関,指定医療機関,指定医療機関,1,1,19,0.01%,87.6%,0,現行,,必須にすると記載の無い12.4%が落ちる / 保有19件。表記ゆれの残骸でないか要確認
M2313,小児がん拠点病院,指定医療機関,指定医療機関,1,1,18,0.01%,87.6%,0,現行,,必須にすると記載の無い12.4%が落ちる / 保有18件。表記ゆれの残骸でないか要確認
M2314,依存症専門医療機関（アルコール健康障害）,指定医療機関,指定医療機関,1,1,17,0.01%,87.6%,0,現行,,必須にすると記載の無い12.4%が落ちる / 保有17件。表記ゆれの残骸でないか要確認
M2315,紹介受診重点診療所,指定医療機関,指定医療機関,1,1,15,0.01%,87.6%,0,現行,,必須にすると記載の無い12.4%が落ちる / 保有15件。表記ゆれの残骸でないか要確認
M2316,外国人患者を受け入れる拠点的な医療機関,指定医療機関,指定医療機関,1,1,14,0.01%,87.6%,0,現行,,必須にすると記載の無い12.4%が落ちる / 保有14件。表記ゆれの残骸でないか要確認
M2317,依存症専門医療機関（ギャンブル等依存症）,指定医療機関,指定医療機関,1,1,13,0.01%,87.6%,0,現行,,必須にすると記載の無い12.4%が落ちる / 保有13件。表記ゆれの残骸でないか要確認
M2318,依存症専門医療機関（薬物依存症）,指定医療機関,指定医療機関,1,1,12,0.01%,87.6%,0,現行,,必須にすると記載の無い12.4%が落ちる / 保有12件。表記ゆれの残骸でないか要確認
M2319,がん診療連携拠点病院等（県指定）,指定医療機関,指定医療機関,1,1,11,0.01%,87.6%,0,現行,,必須にすると記載の無い12.4%が落ちる / 保有11件。表記ゆれの残骸でないか要確認
M2320,自由診療のみを行う医療機関,指定医療機関,指定医療機関,1,1,11,0.01%,87.6%,0,現行,,必須にすると記載の無い12.4%が落ちる / 保有11件。表記ゆれの残骸でないか要確認
M2321,生活保護法指定医療機関(うち、歯科),指定医療機関,指定医療機関,0,0,8,0.01%,87.6%,1,現行,,表示名から歯科と判定。医療職のレビューで戻すことがある / 歯科。医科の逆紹介では使わない
M2322,精神科応急入院指定病院,指定医療機関,指定医療機関,1,1,8,0.01%,87.6%,0,現行,,必須にすると記載の無い12.4%が落ちる / 保有8件。表記ゆれの残骸でないか要確認
M2323,結核指定歯科診療所,指定医療機関,指定医療機関,0,0,6,0.00%,87.6%,1,現行,,表示名から歯科と判定。医療職のレビューで戻すことがある / 歯科。医科の逆紹介では使わない
M2324,精神科救急病院,指定医療機関,指定医療機関,1,1,5,0.00%,87.6%,0,現行,,必須にすると記載の無い12.4%が落ちる / 保有5件。表記ゆれの残骸でないか要確認
M2325,児童福祉法による助産施設（児童福祉法第36条）,指定医療機関,指定医療機関,1,1,3,0.00%,87.6%,0,現行,,必須にすると記載の無い12.4%が落ちる / 保有3件。表記ゆれの残骸でないか要確認
M2326,地域がん拠点病院,指定医療機関,指定医療機関,1,1,3,0.00%,87.6%,0,現行,,必須にすると記載の無い12.4%が落ちる / 保有3件。表記ゆれの残骸でないか要確認
M2327,専門病院,指定医療機関,指定医療機関,1,1,3,0.00%,87.6%,0,現行,,必須にすると記載の無い12.4%が落ちる / 保有3件。表記ゆれの残骸でないか要確認
M2328,単独型臨床研修施設又は管理型臨床研修施設,指定医療機関,指定医療機関,1,1,2,0.00%,87.6%,0,現行,,必須にすると記載の無い12.4%が落ちる / 保有2件。表記ゆれの残骸でないか要確認
M2329,診療科名に産婦人科、産科又は婦人科を有する診療所にあつては、公益財団法人日本医療機能評価機構が定める産科医療補償制度標準補償約款と同一の産科医療補償約款に基づく補償の有無,指定医療機関,指定医療機関,1,1,2,0.00%,87.6%,0,現行,,必須にすると記載の無い12.4%が落ちる / 保有2件。表記ゆれの残骸でないか要確認 / 除外: 産科医療補償の設問文が混入している
M2330,依存症治療拠点機関（アルコール健康障害）,指定医療機関,指定医療機関,1,1,1,0.00%,87.6%,0,現行,,必須にすると記載の無い12.4%が落ちる / 保有1件。表記ゆれの残骸でないか要確認
M2331,依存症治療拠点機関（ギャンブル等依存症）,指定医療機関,指定医療機関,1,1,1,0.00%,87.6%,0,現行,,必須にすると記載の無い12.4%が落ちる / 保有1件。表記ゆれの残骸でないか要確認
M2332,依存症治療拠点機関（薬物依存症）,指定医療機関,指定医療機関,1,1,1,0.00%,87.6%,0,現行,,必須にすると記載の無い12.4%が落ちる / 保有1件。表記ゆれの残骸でないか要確認
M2333,急患センター,指定医療機関,指定医療機関,1,1,1,0.00%,87.6%,0,現行,,必須にすると記載の無い12.4%が落ちる / 保有1件。表記ゆれの残骸でないか要確認
M2400,総合内科専門医,専門医,専門医,0,1,14893,20.97%,43.7%,0,現行,,記載率43.7%。加点のみ / 日本内科学会(14893)
M2401,整形外科専門医,専門医,専門医,0,1,11226,15.81%,43.7%,0,現行,,記載率43.7%。加点のみ / 日本整形外科学会(10716)、日本専門医機構(510)
M2402,消化器病専門医,専門医,専門医,0,1,10625,14.96%,43.7%,0,現行,,記載率43.7%。加点のみ / 日本消化器病学会(10625)
M2403,消化器内視鏡専門医,専門医,専門医,0,1,9879,13.91%,43.7%,0,現行,,記載率43.7%。加点のみ / 日本消化器内視鏡学会(9879)
M2404,循環器専門医,専門医,専門医,0,1,8898,12.53%,43.7%,0,現行,,記載率43.7%。加点のみ / 日本循環器学会(8898)
M2405,外科専門医,専門医,専門医,0,1,8053,11.34%,43.7%,0,現行,,記載率43.7%。加点のみ / 日本外科学会(7879)、日本専門医機構(174)
M2406,眼科専門医,専門医,専門医,0,1,7806,10.99%,43.7%,0,現行,,記載率43.7%。加点のみ / 日本眼科学会(7529)、日本専門医機構(277)
M2407,小児科専門医,専門医,専門医,0,1,7350,10.35%,43.7%,0,現行,,記載率43.7%。加点のみ / 日本小児科学会(6886)、日本専門医機構(464)
M2408,耳鼻咽喉科専門医,専門医,専門医,0,1,6016,8.47%,43.7%,0,現行,,記載率43.7%。加点のみ / 日本耳鼻咽喉科学会(5656)、日本専門医機構(359)、日本耳鼻咽喉科頭頸部外科学会(1)
M2409,皮膚科専門医,専門医,専門医,0,1,5843,8.23%,43.7%,0,現行,,記載率43.7%。加点のみ / 日本皮膚科学会(5571)、日本専門医機構(272)
M2410,精神科専門医,専門医,専門医,0,1,5504,7.75%,43.7%,0,現行,,記載率43.7%。加点のみ / 日本精神神経学会(5156)、日本専門医機構(348)
M2411,産婦人科専門医,専門医,専門医,0,1,5353,7.54%,43.7%,0,現行,,記載率43.7%。加点のみ / 日本産科婦人科学会(4937)、日本専門医機構(416)
M2412,糖尿病専門医,専門医,専門医,0,1,4951,6.97%,43.7%,0,現行,,記載率43.7%。加点のみ / 日本糖尿病学会(4951)
M2413,泌尿器科専門医,専門医,専門医,0,1,4528,6.38%,43.7%,0,現行,,記載率43.7%。加点のみ / 日本泌尿器科学会(4331)、日本専門医機構(197)
M2414,口腔外科専門医,専門医,専門医,0,0,4518,6.36%,43.7%,1,現行,,表示名から歯科と判定。医療職のレビューで戻すことがある / 歯科。医科の逆紹介では使わない / 日本口腔外科学会(4323)、日本歯科専門医機構(195)
M2415,呼吸器専門医,専門医,専門医,0,1,4265,6.01%,43.7%,0,現行,,記載率43.7%。加点のみ / 日本呼吸器学会(4265)
M2416,肝臓専門医,専門医,専門医,0,1,4128,5.81%,43.7%,0,現行,,記載率43.7%。加点のみ / 日本肝臓学会(4128)
M2417,脳神経外科専門医,専門医,専門医,0,1,4040,5.69%,43.7%,0,現行,,記載率43.7%。加点のみ / 日本脳神経外科学会(3820)、日本専門医機構(220)
M2418,麻酔科専門医,専門医,専門医,0,1,3699,5.21%,43.7%,0,現行,,記載率43.7%。加点のみ / 日本麻酔科学会(3472)、日本専門医機構(227)
M2419,リウマチ専門医,専門医,専門医,0,1,3684,5.19%,43.7%,0,現行,,記載率43.7%。加点のみ / 日本リウマチ学会(3684)
M2420,消化器外科専門医,専門医,専門医,0,1,3658,5.15%,43.7%,0,現行,,記載率43.7%。加点のみ / 日本消化器外科学会(3658)
M2421,透析専門医,専門医,専門医,0,1,3426,4.82%,43.7%,0,現行,,記載率43.7%。加点のみ / 日本透析医学会(3426)
M2422,神経内科専門医,専門医,専門医,0,1,3416,4.81%,43.7%,0,現行,,記載率43.7%。加点のみ / 日本神経学会(3416)
M2423,腎臓専門医,専門医,専門医,0,1,3379,4.76%,43.7%,0,現行,,記載率43.7%。加点のみ / 日本腎臓学会(3379)
M2424,アレルギー専門医,専門医,専門医,0,1,3164,4.45%,43.7%,0,現行,,記載率43.7%。加点のみ / 日本アレルギー学会(3164)
M2425,歯周病専門医,専門医,専門医,0,0,2862,4.03%,43.7%,1,現行,,表示名から歯科と判定。医療職のレビューで戻すことがある / 歯科。医科の逆紹介では使わない / 日本歯周病学会(2663)、日本歯科専門医機構(199)
M2426,放射線科専門医,専門医,専門医,0,1,2858,4.02%,43.7%,0,現行,,記載率43.7%。加点のみ / 日本医学放射線学会(2728)、日本専門医機構(130)
M2427,リハビリテーション科専門医,専門医,専門医,0,1,2810,3.96%,43.7%,0,現行,,記載率43.7%。加点のみ / 日本リハビリテーション医学会(2697)、日本専門医機構(113)
M2428,心臓血管外科専門医,専門医,専門医,0,1,2663,3.75%,43.7%,0,現行,,記載率43.7%。加点のみ / 日本心臓血管外科学会(1081)、日本胸部外科学会(838)、日本血管外科学会(744)
M2429,小児歯科専門医,専門医,専門医,0,0,2581,3.63%,43.7%,1,現行,,表示名から歯科と判定。医療職のレビューで戻すことがある / 歯科。医科の逆紹介では使わない / 日本小児歯科学会(2438)、日本歯科専門医機構(143)
M2430,形成外科専門医,専門医,専門医,0,1,2278,3.21%,43.7%,0,現行,,記載率43.7%。加点のみ / 日本形成外科学会(2125)、日本専門医機構(153)
M2431,内分泌代謝科専門医,専門医,専門医,0,1,2171,3.06%,43.7%,0,現行,,記載率43.7%。加点のみ / 日本内分泌学会(2171)
M2432,救急科専門医,専門医,専門医,0,1,2123,2.99%,43.7%,0,現行,,記載率43.7%。加点のみ / 日本救急医学会(1990)、日本専門医機構(133)
M2433,感染管理認定看護師,専門医,専門医,0,1,1943,2.74%,43.7%,0,現行,,記載率43.7%。加点のみ / 日本看護協会(1943)
M2434,血液専門医,専門医,専門医,0,1,1887,2.66%,43.7%,0,現行,,記載率43.7%。加点のみ / 日本血液学会(1887)
M2435,歯科麻酔専門医,専門医,専門医,0,0,1841,2.59%,43.7%,1,現行,,表示名から歯科と判定。医療職のレビューで戻すことがある / 歯科。医科の逆紹介では使わない / 日本歯科麻酔学会(1778)、日本歯科専門医機構(63)
M2436,漢方専門医,専門医,専門医,0,1,1837,2.59%,43.7%,0,現行,,記載率43.7%。加点のみ / 日本東洋医学会(1837)
M2437,呼吸器外科専門医,専門医,専門医,0,1,1655,2.33%,43.7%,0,現行,,記載率43.7%。加点のみ / 日本呼吸器外科学会(966)、日本胸部外科学会(689)
M2438,乳腺専門医,専門医,専門医,0,1,1638,2.31%,43.7%,0,現行,,記載率43.7%。加点のみ / 日本乳癌学会(1638)
M2439,超音波専門医,専門医,専門医,0,1,1589,2.24%,43.7%,0,現行,,記載率43.7%。加点のみ / 日本超音波医学会(1589)
M2440,皮膚・排泄ケア認定看護師,専門医,専門医,0,1,1569,2.21%,43.7%,0,現行,,記載率43.7%。加点のみ / 日本看護協会(1569)
M2441,認知症看護認定看護師,専門医,専門医,0,1,1509,2.12%,43.7%,0,現行,,記載率43.7%。加点のみ / 日本看護協会(1509)
M2442,大腸肛門病専門医,専門医,専門医,0,1,1428,2.01%,43.7%,0,現行,,記載率43.7%。加点のみ / 日本大腸肛門病学会(1428)
M2443,緩和ケア認定看護師,専門医,専門医,0,1,1384,1.95%,43.7%,0,現行,,記載率43.7%。加点のみ / 日本看護協会(1384)
M2444,老年病専門医,専門医,専門医,0,1,1308,1.84%,43.7%,0,現行,,記載率43.7%。加点のみ / 日本老年医学会(1308)
M2445,気管支鏡専門医,専門医,専門医,0,1,1304,1.84%,43.7%,0,現行,,記載率43.7%。加点のみ / 日本呼吸器内視鏡学会(1304)
M2446,病理専門医,専門医,専門医,0,1,1251,1.76%,43.7%,0,現行,,記載率43.7%。加点のみ / 日本病理学会(1159)、日本専門医機構(92)
M2447,摂食・嚥下障害看護認定看護師,専門医,専門医,0,1,1217,1.71%,43.7%,0,現行,,記載率43.7%。加点のみ / 日本看護協会(1217)
M2448,細胞診専門医,専門医,専門医,0,1,1190,1.68%,43.7%,0,現行,,記載率43.7%。加点のみ / 日本臨床細胞学会(1190)
M2449,ペインクリニック専門医,専門医,専門医,0,1,1163,1.64%,43.7%,0,現行,,記載率43.7%。加点のみ / 日本ペインクリニック学会(1163)
M2450,がん化学療法看護認定看護師,専門医,専門医,0,1,1146,1.61%,43.7%,0,現行,,記載率43.7%。加点のみ / 日本看護協会(1146)
M2451,感染症専門医,専門医,専門医,0,1,1109,1.56%,43.7%,0,現行,,記載率43.7%。加点のみ / 日本感染症学会(1109)
M2452,糖尿病看護認定看護師,専門医,専門医,0,1,1038,1.46%,43.7%,0,現行,,記載率43.7%。加点のみ / 日本看護協会(1038)
M2453,歯科放射線専門医,専門医,専門医,0,0,1033,1.45%,43.7%,1,現行,,表示名から歯科と判定。医療職のレビューで戻すことがある / 歯科。医科の逆紹介では使わない / 日本歯科放射線学会(987)、日本歯科専門医機構(46)
M2454,気管食道科専門医,専門医,専門医,0,1,901,1.27%,43.7%,0,現行,,記載率43.7%。加点のみ / 日本気管食道科学会(901)
M2455,脳血管内治療専門医,専門医,専門医,0,1,880,1.24%,43.7%,0,現行,,記載率43.7%。加点のみ / 日本脳神経血管内治療学会(880)
M2456,小児神経専門医,専門医,専門医,0,1,878,1.24%,43.7%,0,現行,,記載率43.7%。加点のみ / 日本小児神経学会(878)
M2457,救急看護認定看護師,専門医,専門医,0,1,856,1.21%,43.7%,0,現行,,記載率43.7%。加点のみ / 日本看護協会(856)
M2458,がん専門薬剤師,専門医,専門医,0,1,835,1.18%,43.7%,0,現行,,記載率43.7%。加点のみ / 日本医療薬学会(835)
M2459,集中ケア認定看護師,専門医,専門医,0,1,817,1.15%,43.7%,0,現行,,記載率43.7%。加点のみ / 日本看護協会(817)
M2460,核医学専門医,専門医,専門医,0,1,765,1.08%,43.7%,0,現行,,記載率43.7%。加点のみ / 日本核医学会(765)
M2461,手術看護認定看護師,専門医,専門医,0,1,743,1.05%,43.7%,0,現行,,記載率43.7%。加点のみ / 日本看護協会(743)
M2462,臨床遺伝専門医,専門医,専門医,0,1,741,1.04%,43.7%,0,現行,,記載率43.7%。加点のみ / 日本人類遺伝学会(741)
M2463,がん薬物療法専門医,専門医,専門医,0,1,730,1.03%,43.7%,0,現行,,記載率43.7%。加点のみ / 日本臨床腫瘍学会(730)
M2464,がん看護専門看護師,専門医,専門医,0,1,704,0.99%,43.7%,0,現行,,記載率43.7%。加点のみ / 日本看護協会(704)
M2465,がん性疼痛看護認定看護師,専門医,専門医,0,1,703,0.99%,43.7%,0,現行,,記載率43.7%。加点のみ / 日本看護協会(703)
M2466,婦人科腫瘍専門医,専門医,専門医,0,1,685,0.96%,43.7%,0,現行,,記載率43.7%。加点のみ / 日本婦人科腫瘍学会(685)
M2467,周産期(新生児)専門医,専門医,専門医,0,1,678,0.95%,43.7%,0,現行,,記載率43.7%。加点のみ / 日本周産期・新生児医学会(678)
M2468,訪問看護認定看護師,専門医,専門医,0,1,674,0.95%,43.7%,0,現行,,記載率43.7%。加点のみ / 日本看護協会(674)
M2469,生殖医療専門医,専門医,専門医,0,1,644,0.91%,43.7%,0,現行,,記載率43.7%。加点のみ / 日本生殖医学会(644)
M2470,小児外科専門医,専門医,専門医,0,1,606,0.85%,43.7%,0,現行,,記載率43.7%。加点のみ / 日本小児外科学会(606)
M2471,透析看護認定看護師,専門医,専門医,0,1,566,0.80%,43.7%,0,現行,,記載率43.7%。加点のみ / 日本看護協会(566)
M2472,精神看護専門看護師,専門医,専門医,0,1,564,0.79%,43.7%,0,現行,,記載率43.7%。加点のみ / 日本看護協会(564)
M2473,乳がん看護認定看護師,専門医,専門医,0,1,524,0.74%,43.7%,0,現行,,記載率43.7%。加点のみ / 日本看護協会(524)
M2474,内科専門医,専門医,専門医,0,1,524,0.74%,43.7%,0,現行,,記載率43.7%。加点のみ / 日本専門医機構(521)、日本内科学会(3)
M2475,新生児集中ケア認定看護師,専門医,専門医,0,1,470,0.66%,43.7%,0,現行,,記載率43.7%。加点のみ / 日本看護協会(470)
M2476,がん放射線療法看護認定看護師,専門医,専門医,0,1,440,0.62%,43.7%,0,現行,,記載率43.7%。加点のみ / 日本看護協会(440)
M2477,慢性疾患看護専門看護師,専門医,専門医,0,1,434,0.61%,43.7%,0,現行,,記載率43.7%。加点のみ / 日本看護協会(434)
M2478,急性・重症患者看護専門看護師,専門医,専門医,0,1,423,0.60%,43.7%,0,現行,,記載率43.7%。加点のみ / 日本看護協会(423)
M2479,感染症看護専門看護師,専門医,専門医,0,1,418,0.59%,43.7%,0,現行,,記載率43.7%。加点のみ / 日本看護協会(418)
M2480,心療内科専門医,専門医,専門医,0,1,405,0.57%,43.7%,0,現行,,記載率43.7%。加点のみ / 日本心療内科学会(404)、日本心身医学会・特定非営利活動法人日本心療内科学会　合同認定(1)
M2481,小児救急看護認定看護師,専門医,専門医,0,1,396,0.56%,43.7%,0,現行,,記載率43.7%。加点のみ / 日本看護協会(396)
M2482,一般病院連携精神医学専門医,専門医,専門医,0,1,395,0.56%,43.7%,0,現行,,記載率43.7%。加点のみ / 日本総合病院精神医学会(395)
M2483,老人看護専門看護師,専門医,専門医,0,1,389,0.55%,43.7%,0,現行,,記載率43.7%。加点のみ / 日本看護協会(389)
M2484,小児看護専門看護師,専門医,専門医,0,1,387,0.54%,43.7%,0,現行,,記載率43.7%。加点のみ / 日本看護協会(387)
M2485,レーザー専門医,専門医,専門医,0,1,374,0.53%,43.7%,0,現行,,記載率43.7%。加点のみ / 日本レーザー医学会(374)
M2486,熱傷専門医,専門医,専門医,0,1,367,0.52%,43.7%,0,現行,,記載率43.7%。加点のみ / 日本熱傷学会(367)
M2487,不妊症看護認定看護師,専門医,専門医,0,1,358,0.50%,43.7%,0,現行,,記載率43.7%。加点のみ / 日本看護協会(358)
M2488,母性看護専門看護師,専門医,専門医,0,1,347,0.49%,43.7%,0,現行,,記載率43.7%。加点のみ / 日本看護協会(347)
M2489,補綴歯科専門医,専門医,専門医,0,0,339,0.48%,43.7%,1,現行,,表示名から歯科と判定。医療職のレビューで戻すことがある / 歯科。医科の逆紹介では使わない / 日本歯科専門医機構(339)
M2490,地域看護専門看護師,専門医,専門医,0,1,274,0.39%,43.7%,0,現行,,記載率43.7%。加点のみ / 日本看護協会(274)
M2491,総合診療専門医,専門医,専門医,0,1,185,0.26%,43.7%,0,現行,,記載率43.7%。加点のみ / 日本専門医機構(185)
M2492,臨床検査専門医,専門医,専門医,0,1,53,0.07%,43.7%,0,現行,,記載率43.7%。加点のみ / 保有53件。表記ゆれの残骸でないか要確認 / 日本専門医機構(53)
M2493,周産期（新生児）専門医,専門医,専門医,0,1,46,0.06%,43.7%,0,現行,,記載率43.7%。加点のみ / 保有46件。表記ゆれの残骸でないか要確認 / 日本周産期・新生児医学会(46)
M2494,-,専門医,専門医,0,1,20,0.03%,43.7%,0,現行,,記載率43.7%。加点のみ / 保有20件。表記ゆれの残骸でないか要確認 / 日本アレルギー学会(2)、日本専門医機構(2)、日本消化器病学会(2)、日本人類遺伝学会(1)、日本内科学会(1)、日本呼吸器学会(1)、日本外科学会(1)、日本小児神経学会(1)、日本東洋医学会(1)、日本歯科専門医機構(1)、日本消化器内視鏡学会(1)、日本神経学会(1)、日本肝臓学会(1)、日本小児科学会(1)、日本看護協会(1)、日本呼吸器内視鏡学会(1)、日本歯科放射線学会(1)
M2495,緩和医療専門薬剤師,専門医,専門医,0,1,17,0.02%,43.7%,0,現行,,記載率43.7%。加点のみ / 保有17件。表記ゆれの残骸でないか要確認 / 日本緩和医療薬学会(17)
M2496,乳癌専門医,専門医,専門医,0,1,5,0.01%,43.7%,0,現行,,記載率43.7%。加点のみ / 保有5件。表記ゆれの残骸でないか要確認 / 日本乳癌学会(5)
M2497,慢性心不全看護認定看護師,専門医,専門医,0,1,3,0.00%,43.7%,0,現行,,記載率43.7%。加点のみ / 保有3件。表記ゆれの残骸でないか要確認 / 慢性心不全看護認定看護師(3)
M2498,脳卒中リハビリテーション介護認定看護師,専門医,専門医,0,1,3,0.00%,43.7%,0,現行,,記載率43.7%。加点のみ / 保有3件。表記ゆれの残骸でないか要確認 / 脳卒中リハビリテーション介護認定看護師(3)
M2499,日本脳神経外科学会専門医,専門医,専門医,0,1,2,0.00%,43.7%,0,現行,,記載率43.7%。加点のみ / 保有2件。表記ゆれの残骸でないか要確認 / 日本脳神経外科学会(2)
M2500,日本脳神経血管内治療学会専門医,専門医,専門医,0,1,2,0.00%,43.7%,0,現行,,記載率43.7%。加点のみ / 保有2件。表記ゆれの残骸でないか要確認 / 日本脳神経血管内治療学会(2)
M2501,認定内科医,専門医,専門医,0,1,2,0.00%,43.7%,0,現行,,記載率43.7%。加点のみ / 保有2件。表記ゆれの残骸でないか要確認 / 日本内科学会(2)
M2502,プライマリケア認定医・指導医,専門医,専門医,0,1,1,0.00%,43.7%,0,現行,,記載率43.7%。加点のみ / 保有1件。表記ゆれの残骸でないか要確認 / 副院長(1)
M2503,児童精神科専門医,専門医,専門医,0,1,1,0.00%,43.7%,0,現行,,記載率43.7%。加点のみ / 保有1件。表記ゆれの残骸でないか要確認 / 日本児童青年精神医学会(1)
M2504,内分泌代謝・糖尿病内科(領域)専門医,専門医,専門医,0,1,1,0.00%,43.7%,0,現行,,記載率43.7%。加点のみ / 保有1件。表記ゆれの残骸でないか要確認 / 日本内分泌学会・日本糖尿病学会(1)
M2505,内分泌代謝・糖尿病内科　専門医,専門医,専門医,0,1,1,0.00%,43.7%,0,現行,,記載率43.7%。加点のみ / 保有1件。表記ゆれの残骸でないか要確認 / 日本糖尿病学会、一般社団法人日本内分泌学会(1)
M2506,内分泌代謝・糖尿病内科　領域指導医,専門医,専門医,0,1,1,0.00%,43.7%,0,現行,,記載率43.7%。加点のみ / 保有1件。表記ゆれの残骸でないか要確認 / 日本糖尿病学会、一般社団法人日本内分泌学会(1)
M2507,内分泌代謝（内科）専門医,専門医,専門医,0,1,1,0.00%,43.7%,0,現行,,記載率43.7%。加点のみ / 保有1件。表記ゆれの残骸でないか要確認 / 日本内分泌学会(1)
M2508,慢性呼吸器疾患看護認定看護師,専門医,専門医,0,1,1,0.00%,43.7%,0,現行,,記載率43.7%。加点のみ / 保有1件。表記ゆれの残骸でないか要確認 / 慢性呼吸器疾患看護認定看護師(1)
M2509,救急専門医,専門医,専門医,0,1,1,0.00%,43.7%,0,現行,,記載率43.7%。加点のみ / 保有1件。表記ゆれの残骸でないか要確認 / 日本救急医学会(1)
M2510,整形外科専門医認定,専門医,専門医,0,1,1,0.00%,43.7%,0,現行,,記載率43.7%。加点のみ / 保有1件。表記ゆれの残骸でないか要確認 / 日本整形外科学会(1)
M2511,日本アレルギー学会アレルギー専門医,専門医,専門医,0,1,1,0.00%,43.7%,0,現行,,記載率43.7%。加点のみ / 保有1件。表記ゆれの残骸でないか要確認 / 日本アレルギー学会(1)
M2512,日本プライマリ・ケア連合学会認定医,専門医,専門医,0,1,1,0.00%,43.7%,0,現行,,記載率43.7%。加点のみ / 保有1件。表記ゆれの残骸でないか要確認 / 日本プライマリ・ケア連合学会(1)
M2513,日本リハビリテーション医学会認定臨床医,専門医,専門医,0,1,1,0.00%,43.7%,0,現行,,記載率43.7%。加点のみ / 保有1件。表記ゆれの残骸でないか要確認 / 日本リハビリテーション医学会(1)
M2514,日本体育協会公認 スポーツドクター医学博士,専門医,専門医,0,1,1,0.00%,43.7%,0,現行,,記載率43.7%。加点のみ / 保有1件。表記ゆれの残骸でないか要確認 / 日本整形外科学会(1)
M2515,日本内分泌学会内分泌代謝科(脳神経外科)専門医,専門医,専門医,0,1,1,0.00%,43.7%,0,現行,,記載率43.7%。加点のみ / 保有1件。表記ゆれの残骸でないか要確認 / 日本内分泌学会(1)
M2516,日本内科学会総合内科専門医,専門医,専門医,0,1,1,0.00%,43.7%,0,現行,,記載率43.7%。加点のみ / 保有1件。表記ゆれの残骸でないか要確認 / 日本内科学会(1)
M2517,日本内科学会認定内科専門医,専門医,専門医,0,1,1,0.00%,43.7%,0,現行,,記載率43.7%。加点のみ / 保有1件。表記ゆれの残骸でないか要確認 / 日本内科学会(1)
M2518,日本内科学会認定医,専門医,専門医,0,1,1,0.00%,43.7%,0,現行,,記載率43.7%。加点のみ / 保有1件。表記ゆれの残骸でないか要確認 / 日本内科学会(1)
M2519,日本口腔インプラント学会指導医,専門医,専門医,0,0,1,0.00%,43.7%,1,現行,,表示名から歯科と判定。医療職のレビューで戻すことがある / 歯科。医科の逆紹介では使わない / 日本口腔インプラント学会(1)
M2520,日本呼吸器内視鏡学会気管支鏡専門医,専門医,専門医,0,1,1,0.00%,43.7%,0,現行,,記載率43.7%。加点のみ / 保有1件。表記ゆれの残骸でないか要確認 / 日本呼吸器内視鏡学会(1)
M2521,日本呼吸器学会呼吸器専門医,専門医,専門医,0,1,1,0.00%,43.7%,0,現行,,記載率43.7%。加点のみ / 保有1件。表記ゆれの残骸でないか要確認 / 日本呼吸器学会(1)
M2522,日本専門医機構認定 整形外科専門医,専門医,専門医,0,1,1,0.00%,43.7%,0,現行,,記載率43.7%。加点のみ / 保有1件。表記ゆれの残骸でないか要確認 / 日本整形外科学会(1)
M2523,日本専門医機構認定内科専門医,専門医,専門医,0,1,1,0.00%,43.7%,0,現行,,記載率43.7%。加点のみ / 保有1件。表記ゆれの残骸でないか要確認 / 日本専門医機構(1)
M2524,日本専門医機構認定臨床検査専門医,専門医,専門医,0,1,1,0.00%,43.7%,0,現行,,記載率43.7%。加点のみ / 保有1件。表記ゆれの残骸でないか要確認 / 日本専門医機構(1)
M2525,日本専門医機構麻酔科専門医,専門医,専門医,0,1,1,0.00%,43.7%,0,現行,,記載率43.7%。加点のみ / 保有1件。表記ゆれの残骸でないか要確認 / 日本麻酔科学会(1)
M2526,日本小児科学会専門医,専門医,専門医,0,1,1,0.00%,43.7%,0,現行,,記載率43.7%。加点のみ / 保有1件。表記ゆれの残骸でないか要確認 / 日本小児科学会(1)
M2527,日本小児科学会認定医,専門医,専門医,0,1,1,0.00%,43.7%,0,現行,,記載率43.7%。加点のみ / 保有1件。表記ゆれの残骸でないか要確認 / 日本小児科学会(1)
M2528,日本循環器学会循環器専門医,専門医,専門医,0,1,1,0.00%,43.7%,0,現行,,記載率43.7%。加点のみ / 保有1件。表記ゆれの残骸でないか要確認 / 日本循環器学会(1)
M2529,日本感染症学会認定感染症専門医,専門医,専門医,0,1,1,0.00%,43.7%,0,現行,,記載率43.7%。加点のみ / 保有1件。表記ゆれの残骸でないか要確認 / 日本感染症学会(1)
M2530,日本整形外科学会認定整形外科専門医,専門医,専門医,0,1,1,0.00%,43.7%,0,現行,,記載率43.7%。加点のみ / 保有1件。表記ゆれの残骸でないか要確認 / 日本整形外科学会(1)
M2531,日本消化器内視鏡学会専門医,専門医,専門医,0,1,1,0.00%,43.7%,0,現行,,記載率43.7%。加点のみ / 保有1件。表記ゆれの残骸でないか要確認 / 日本消化器内視鏡学会(1)
M2532,日本消化器内視鏡学会認定医,専門医,専門医,0,1,1,0.00%,43.7%,0,現行,,記載率43.7%。加点のみ / 保有1件。表記ゆれの残骸でないか要確認 / 日本消化器内視鏡学会(1)
M2533,日本消化器病学会専門医,専門医,専門医,0,1,1,0.00%,43.7%,0,現行,,記載率43.7%。加点のみ / 保有1件。表記ゆれの残骸でないか要確認 / 日本消化器病学会(1)
M2534,日本産科婦人科学会認定産婦人科専門医,専門医,専門医,0,1,1,0.00%,43.7%,0,現行,,記載率43.7%。加点のみ / 保有1件。表記ゆれの残骸でないか要確認 / 日本産科婦人科学会(1)
M2535,日本神経内視鏡学会神経内視鏡技術認定医,専門医,専門医,0,1,1,0.00%,43.7%,0,現行,,記載率43.7%。加点のみ / 保有1件。表記ゆれの残骸でないか要確認 / 日本神経内視鏡学会(1)
M2536,日本神経学会認定神経内科専門医,専門医,専門医,0,1,1,0.00%,43.7%,0,現行,,記載率43.7%。加点のみ / 保有1件。表記ゆれの残骸でないか要確認 / 日本神経学会(1)
M2537,日本脊髄外科学会認定医,専門医,専門医,0,1,1,0.00%,43.7%,0,現行,,記載率43.7%。加点のみ / 保有1件。表記ゆれの残骸でないか要確認 / 日本脊髄外科学会(1)
M2538,日本脳ドック学会認定医,専門医,専門医,0,1,1,0.00%,43.7%,0,現行,,記載率43.7%。加点のみ / 保有1件。表記ゆれの残骸でないか要確認 / 日本脳ドック学会(1)
M2539,日本脳卒中の外科学会技術認定医,専門医,専門医,0,1,1,0.00%,43.7%,0,現行,,記載率43.7%。加点のみ / 保有1件。表記ゆれの残骸でないか要確認 / 日本脳卒中の外科学会(1)
M2540,日本脳卒中学会専門医,専門医,専門医,0,1,1,0.00%,43.7%,0,現行,,記載率43.7%。加点のみ / 保有1件。表記ゆれの残骸でないか要確認 / 日本脳卒中学会(1)
M2541,日本脳卒中学会認定脳卒中専門医,専門医,専門医,0,1,1,0.00%,43.7%,0,現行,,記載率43.7%。加点のみ / 保有1件。表記ゆれの残骸でないか要確認 / 日本脳卒中学会(1)
M2542,日本脳神経外傷学会専門医,専門医,専門医,0,1,1,0.00%,43.7%,0,現行,,記載率43.7%。加点のみ / 保有1件。表記ゆれの残骸でないか要確認 / 日本脳神経外傷学会(1)
M2543,日本脳神経外科専門医・指導医,専門医,専門医,0,1,1,0.00%,43.7%,0,現行,,記載率43.7%。加点のみ / 保有1件。表記ゆれの残骸でないか要確認 / 日本脳神経外科学会(1)
M2544,日本認知症学会専門医,専門医,専門医,0,1,1,0.00%,43.7%,0,現行,,記載率43.7%。加点のみ / 保有1件。表記ゆれの残骸でないか要確認 / 日本認知症学会(1)
M2545,日本顎咬合学会認定医,専門医,専門医,0,0,1,0.00%,43.7%,1,現行,,表示名から歯科と判定。医療職のレビューで戻すことがある / 歯科。医科の逆紹介では使わない / 日本顎咬合学会(1)
M2546,歯科保存専門医,専門医,専門医,0,0,1,0.00%,43.7%,1,現行,,表示名から歯科と判定。医療職のレビューで戻すことがある / 歯科。医科の逆紹介では使わない / 日本歯科専門医機構(1)
M2547,緩和医療専門医,専門医,専門医,0,1,1,0.00%,43.7%,0,現行,,記載率43.7%。加点のみ / 保有1件。表記ゆれの残骸でないか要確認 / 日本緩和医療学会(1)
M2548,脊椎脊髄外科専門医,専門医,専門医,0,1,1,0.00%,43.7%,0,現行,,記載率43.7%。加点のみ / 保有1件。表記ゆれの残骸でないか要確認 / 日本脊椎脊髄病学会(1)
M2549,血液内科専門医,専門医,専門医,0,1,1,0.00%,43.7%,0,現行,,記載率43.7%。加点のみ / 保有1件。表記ゆれの残骸でないか要確認 / 日本血液学会(1)
M2550,血液内科指導医,専門医,専門医,0,1,1,0.00%,43.7%,0,現行,,記載率43.7%。加点のみ / 保有1件。表記ゆれの残骸でないか要確認 / 日本血液学会(1)
M2551,認定医,専門医,専門医,0,1,1,0.00%,43.7%,0,現行,,記載率43.7%。加点のみ / 保有1件。表記ゆれの残骸でないか要確認 / 日本臨床肛門病学会(1)
M2552,認定登録医,専門医,専門医,0,1,1,0.00%,43.7%,0,現行,,記載率43.7%。加点のみ / 保有1件。表記ゆれの残骸でないか要確認 / 日本小児外科学会(1)
